"PID","Remarks","PDate","Aq","AR","MQ","MR","BQ","BR","SQ","SR","WR","EE","APKR","MPKR","BPKR","SPKR","Gain","Aq1","AR1"
"1","","3/26/2006 12:00:00 AM","148","239","18","1150","18","170","0","0","440","25","4.65","22","0","0","2","0","0"
"2","","3/30/2006 12:00:00 AM","148","229","18","1150","10","170","0","0","440","25","4.65","22","0","0","2","0","0"
"3","","4/9/2006 12:00:00 AM","150","239","18","1135","18","190","0","0","426","23","4.65","22","0","0","2.25","0","0"
"4","","4/9/2006 12:00:00 AM","150","228","18","1135","12","190","0","0","426","23","4.65","22","0","0","2.25","0","0"
"5","","5/10/2006 12:00:00 AM","150","205","18","1130","18","200","0","0","400","20","4.65","22","0","0","3","0","0"
"6","","7/6/2006 12:00:00 AM","150","210","18","1060","18","170","0","0","410","20","4.7","22","0","0","3","0","0"
"7","","9/5/2006 12:00:00 AM","147","232","18","1200","18","200","0","0","436","22","4.7","22","0","0","3","0","0"
"8","","9/18/2006 12:00:00 AM","145","235","18","1180","18","220","0","0","435","20","5","24","0","0","3","0","0"
"9","","9/18/2006 12:00:00 AM","145","220","18","1180","10","220","0","0","435","24","5","24","0","0","3","0","0"
"10","","2/21/2007 12:00:00 AM","145","242","18","1130","8","185","0","0","450","20","4.5","23","0","0","3","0","0"
"11","","4/22/2007 12:00:00 AM","145","220","18","1130","9","200","0","0","420","17","4.5","25","0","0","3","0","0"
"12","","4/22/2007 12:00:00 AM","145","240","18","1130","21","200","0","0","427","17","4.5","25","0","0","3","0","0"
"13","","6/9/2007 12:00:00 AM","145","237","18","1150","21","225","0","0","435","20","5","25","0","0","2.75","0","0"
"14","","6/9/2007 12:00:00 AM","145","223","18","1150","9","225","0","0","435","20","5","25","0","0","3","0","0"
"15","","7/10/2007 12:00:00 AM","145","240","18","1350","9","190","0","0","480","20","4.55","25","0","0","3","0","0"
"16","","7/24/2007 12:00:00 AM","150","260","24","1325","28","170","0","0","465","24","4.5","25","0","0","0","0","0"
"17","saber","7/24/2007 12:00:00 AM","150","245","24","1325","20","170","0","0","465","24","4.5","25","0","0","0","0","0"
"18","Saber","7/24/2007 12:00:00 AM","150","245","18","1325","22","170","0","0","465","24","4.5","25","0","0","3","0","0"
"19","","7/24/2007 12:00:00 AM","150","245","18","1325","15","170","0","0","465","24","4.5","25","0","0","0","0","0"
"20","","7/24/2007 12:00:00 AM","150","237","18","1325","10","170","0","0","465","24","4.5","25","0","0","0","0","0"
"21","Iqbal Millسجاد","7/25/2007 12:00:00 AM","115","268","9","1325","13","175","2","788","468","30","4.5","25","0","0","0","0","0"
"22","","7/31/2007 12:00:00 AM","128","255","18","1325","17","175","0","0","470","25","4.5","25","0","0","0","0","0"
"23","","8/1/2007 12:00:00 AM","125","250","17","1325","17","170","0","0","470","25","4.5","25","0","0","3","0","0"
"24","","8/2/2007 12:00:00 AM","150","255","16","1325","22","175","0","0","470","25","4.5","25","0","0","0","0","0"
"25","","8/4/2007 12:00:00 AM","140","245","17","1325","8","175","0","0","470","25","4.5","25","0","0","0","0","0"
"26","1No","8/5/2007 12:00:00 AM","146","255","17","1325","21","180","0","0","470","25","4.5","25","0","0","2.5","0","0"
"27","","8/13/2007 12:00:00 AM","146","250","17","1325","22","180","0","0","470","25","4.5","25","0","0","0","0","0"
"28","1","8/20/2007 12:00:00 AM","145","255","18","1350","22","200","0","0","480","25","4.5","25","0","0","0","0","0"
"29","2","8/20/2007 12:00:00 AM","145","240","18","1350","10","200","0","0","480","25","4.5","25","0","0","0","0","0"
"30","2","8/25/2007 12:00:00 AM","150","255","18","1375","22","210","0","0","485","25","4.5","25","0","0","0","0","0"
"31","2","9/27/2007 12:00:00 AM","150","290","18","1575","10","230","0","0","500","25","4.5","25","0","0","0","0","0"
"32","2","8/26/2007 12:00:00 AM","150","260","18","1375","22","210","0","0","490","25","4.5","25","0","0","3","0","0"
"33","","5/2/2009 12:00:00 AM","150","480","18","2500","18","380","0","0","920","50","5","30","25","0","3","0","0"
"34","New Flour Mill  Start On ______________________________","11/4/2009 12:00:00 AM","213","500","25","2625","32","490","0","0","980","40","6","40","0","0","0","0","0"
"35","","11/10/2009 12:00:00 AM","225","520","33","2625","33","500","0","0","980","40","6","42","0","0","0","0","0"
"37","فاورق ملز                                          #2","11/10/2009 12:00:00 AM","175","505","23","2650","23","490","0","0","1000","40","6","40","10","0","4","0","0"
"38","فاورق ملز                                          #1/1/2","11/10/2009 12:00:00 AM","170","500","28","2650","24","500","0","0","908","40","6","42","0","0","3","0","0"
"39","فاورق ملز                                          #1","11/10/2009 12:00:00 AM","165","535","23","2650","34","490","0","0","980","40","6","42","0","0","3.5","0","0"
"40","صوفی ملز                                                      #3","11/10/2009 12:00:00 AM","235","500","36","2625","25","500","0","0","980","40","6","42","0","0","3","0","0"
"41","صوفی ملز                                                      #3","11/10/2009 12:00:00 AM","255","500","33","2650","28","500","0","0","980","40","6","42","0","0","3","0","0"
"42","صوفی ملز                                                      #1/1/2","11/10/2009 12:00:00 AM","120","515","13","2625","15","500","0","0","980","40","6","42","0","0","3.5","0","0"
"43","1No Atta","11/10/2009 12:00:00 AM","200","515","28","2650","30","500","0","0","980","40","6","42","0","0","0","0","0"
"44","","11/10/2009 12:00:00 AM","240","530","30","2650","40","500","0","0","980","40","6","42","0","0","0","0","0"
"45","","11/10/2009 12:00:00 AM","250","515","28","2650","28","500","0","0","980","40","6","42","0","0","0","0","0"
"46","","11/11/2009 12:00:00 AM","245","497","36","2625","27","490","0","0","990","35","6","45","0","0","3.5","0","0"
"47","Atta No 1/1/2 Atta No 3  Full Day","11/14/2009 12:00:00 AM","760","535","130","2650","141","500","0","0","995","30","6","38","10","0","3","0","0"
"48","Atta No 3","11/14/2009 12:00:00 AM","200","500","33","2650","25","500","0","0","995","35","6","38","10","0","3","0","0"
"49","Atta No 3  Full Day 4 H","11/14/2009 12:00:00 AM","806","500","132","2650","109","500","8","1600","995","35","6","42","10","15","3","0","0"
"50","Atta No 3  Full Day 4 H","11/15/2009 12:00:00 AM","965","505","138","2650","82","500","6","1600","995","35","6","42","10","15","3","0","0"
"51","Atta No 3  Full Day 4 H","11/16/2009 12:00:00 AM","998","500","153","2650","74","500","2","1600","995","40","6","42","10","15","2","0","0"
"52","Atta No 3  Full Day 4 H","11/17/2009 12:00:00 AM","1000","503","128","2650","60","495","0","0","995","40","6","42","10","0","2","0","0"
"53","Atta No #3  H 6","11/18/2009 12:00:00 AM","1283","505","198","2650","125","487","18","1600","1000","40","6","42","10","15","2","0","0"
"54","Atta No 1-1-2 H 4","11/19/2009 12:00:00 AM","829","530","130","2650","144","485","1","1600","1000","40","6","42","10","15","0","0","0"
"55","Haji Talib Hussain Atta No 1-1-2","11/19/2009 12:00:00 AM","200","525","28","2500","28","480","0","0","985","40","6","42","10","0","0","0","0"
"56","Haji Talib Hussain Atta No 2","11/21/2009 12:00:00 AM","200","500","28","2500","20","480","0","0","985","40","6","42","10","0","0","0","0"
"57","صوفی ملز    آ ٹا نمبر3","11/23/2009 12:00:00 AM","1728","505","254","2650","183","487","21","1585","1000","42","6","40","10","15","0","0","0"
"58","صوفی ملز    آ ٹا نمبر   2-1-1     گنٹہ    5","11/23/2009 12:00:00 AM","1001","530","149","2650","173","487","11","1585","1000","42","6","40","10","15","3","0","0"
"59","صوفی ملز    آ ٹا نمبر   2-1-1     گنٹہ    3","11/24/2009 12:00:00 AM","694","530","99","2650","120","490","3","1585","1000","42","6","40","10","15","2","0","0"
"60","صوفی ملز    آ ٹا نمبر   3     گنٹہ    2","11/24/2009 12:00:00 AM","510","505","58","2650","41","490","0","0","1000","42","6","40","10","0","2","0","0"
"61","صوفی ملز    آ ٹا نمبر   3     گنٹہ    2","11/26/2009 12:00:00 AM","0","0","0","0","0","0","0","0","0","0","0","0","0","0","0","0","0"
"62","صوفی ملز    آ ٹا نمبر   3     گنٹہ    8","11/25/2009 12:00:00 AM","1762","505","244","2650","152","490","12","1580","1000","40","6","42","10","15","0","0","0"
"63","صوفی ملز    آ ٹا نمبر   3     گنٹہ    6","11/26/2009 12:00:00 AM","877","505","119","2650","89","490","9","1580","1000","40","6","42","10","15","3","0","0"
"64","صوفی ملز    آ ٹا نمبر   2-1-1     گنٹہ    2","11/26/2009 12:00:00 AM","575","530","63","2650","82","490","0","0","1000","40","6","42","10","0","3","0","0"
"65","صوفی ملز    آ ٹا نمبر   2-1-1     گنٹہ    4","12/1/2009 12:00:00 AM","648","525","102","2650","91","490","0","0","1000","40","6","42","10","0","0","0","0"
"66","صوفی ملز    آ ٹا نمبر   3     گنٹہ    3.30","12/1/2009 12:00:00 AM","752","508","77","2650","55","490","0","0","1000","40","6","42","10","0","0","0","0"
"67","  حساب    تقربیا     ا   ٓٹا    3","12/2/2009 12:00:00 AM","220","505","28","2650","15","480","0","0","1000","40","6","42","10","0","0","0","0"
"68","حساب    تقربیا     ا   ٓٹا    1","12/2/2009 12:00:00 AM","200","530","28","2650","36","480","0","0","1000","40","6","42","10","0","0","0","0"
"69","حساب   تقربیا     ا   ٓٹا    2-1-1","12/2/2009 12:00:00 AM","210","520","28","2650","28","480","0","0","1000","40","6","42","10","0","0","0","0"
"70","حساب   عارضی       ا   ٓٹا    2-1-1","12/2/2009 12:00:00 AM","225","520","28","2650","28","480","0","0","1000","40","6","42","10","0","0","0","0"
"71","حساب    عارضی       ا   ٓٹا    2-1-1","12/2/2009 12:00:00 AM","225","520","30","2650","30","480","0","0","1000","40","6","42","10","0","0","0","0"
"72","حساب    عارضی       ا   ٓٹا   1","12/2/2009 12:00:00 AM","225","530","28","2650","36","480","0","0","1000","40","6","42","10","0","3","0","0"
"73","صوفی ملز    آ ٹا نمبر   2-1-1     گنٹہ    2","12/3/2009 12:00:00 AM","260","525","27","2600","41","490","0","0","1000","40","6","42","10","0","3","0","0"
"74","           پہلا   حصہ               صوفی ملز    آ ٹا نمبر   2-1-1     گنٹہ    4","12/5/2009 12:00:00 AM","657","525","95","2600","97","490","0","0","1000","40","6","42","10","0","3","0","0"
"75","دوسرا   حصہ            صوفی ملز    آ ٹا نمبر  -1     گنٹہ    2","12/5/2009 12:00:00 AM","518","535","63","2600","84","490","0","0","1000","40","6","42","10","0","3","0","0"
"76","صوفی ملز    آ ٹا نمبر   3     گنٹہ    6","12/6/2009 12:00:00 AM","1285","508","145","2600","86","490","15","1545","1000","40","6","42","10","15","3","0","0"
"77","صوفی ملز    آ ٹا نمبر  2- 1-1     گنٹہ    6","12/13/2009 12:00:00 AM","588","530","73","2600","103","490","16","1550","1000","40","6","42","10","15","0","0","0"
"78","صوفی ملز    آ ٹا نمبر   3     گنٹہ    6","12/13/2009 12:00:00 AM","820","508","99","2600","55","490","22","1550","1000","40","6","42","10","15","0","0","0"
"79","صوفی ملز    آ ٹا نمبر   3     گنٹہ    6","12/15/2009 12:00:00 AM","881","508","89","2600","49","490","7","1550","990","40","6","42","10","15","0","0","0"
"80","صوفی ملز    آ ٹا نمبر  2- 1-1     گنٹہ    6","12/15/2009 12:00:00 AM","585","530","79","2600","77","490","1","1550","990","40","6","42","10","15","0","0","0"
"81","صوفی ملز    آ ٹا نمبر  2- 1-1     گنٹہ    6","12/16/2009 12:00:00 AM","465","520","55","2600","56","490","0","0","990","40","6","42","10","0","0","0","0"
"82","صوفی ملز    آ ٹا نمبر 3     گنٹہ    6","12/16/2009 12:00:00 AM","1139","500","136","2600","77","490","0","0","990","40","6","42","10","0","0","0","0"
"83","     صوفی ملز    آ ٹا نمبر  2","12/17/2009 12:00:00 AM","601","530","79","2600","94","490","0","0","990","40","6","42","10","0","0","0","0"
"84","صوفی ملز    آ ٹا نمبر  1     گنٹہ    6","12/19/2009 12:00:00 AM","220","554","18","2500","22","490","0","0","1015","40","6.5","42","10","0","3","0","0"
"85","","1/21/2010 12:00:00 AM","220","554","28","2500","36","490","0","0","1015","40","6.5","42","10","0","3","0","0"
"86","","1/21/2010 12:00:00 AM","260","540","19","2475","19","470","0","0","1015","40","6.5","42","10","0","0","0","0"
"87","","1/21/2010 12:00:00 AM","260","0","19","0","24","0","0","0","0","0","0","0","0","0","0","0","0"
"88","","1/21/2010 12:00:00 AM","230","560","23","2600","10","575","0","0","1000","40","7.5","100","10","0","3","0","0"
"89","","11/7/2010 12:00:00 AM","150","540","24","2600","21","570","2","1595","1020","40","15","46","10","15","3","0","0"
"90","","11/8/2010 12:00:00 AM","150","540","20","2600","30","570","0","0","1020","40","7.5","46","10","15","3","0","0"
"91","آ ٹا نمبر 1","11/24/2010 12:00:00 AM","150","550","20","2650","30","525","0","0","1025","40","7.5","46","10","0","3","0","0"
"92","آ ٹا نمبر 1/1/2","11/24/2010 12:00:00 AM","150","538","24","2650","22","525","0","0","1025","40","7.5","46","10","0","3","0","0"
"93"," آ ٹا نمبر   2","11/24/2010 12:00:00 AM","130","525","24","2650","12","525","0","0","1025","40","7.5","46","10","0","3","0","0"
"94","آ ٹا نمبر 1","11/29/2010 12:00:00 AM","150","550","20","2600","30","525","0","0","1025","40","7.5","46","10","0","3","0","0"
"95","آ ٹا نمبر 1/1/2","11/29/2010 12:00:00 AM","150","538","24","2600","22","525","0","0","1025","40","7.5","46","10","0","3","0","0"
"96","آ ٹا نمبر 2","11/29/2010 12:00:00 AM","130","525","24","2600","12","525","0","0","1025","46","7.5","40","10","0","3","0","0"
"97","آ ٹا نمبر 1","12/13/2010 12:00:00 AM","160","548","20","2600","27","485","0","0","1025","40","7.5","46","10","0","0","0","0"
"98","آ ٹا نمبر 1/1/2","12/13/2010 12:00:00 AM","129","538","22","2600","18","485","0","0","1025","40","7.5","46","10","0","0","0","0"
"99","آ ٹا نمبر 2","12/13/2010 12:00:00 AM","115","515","27","2600","11","485","0","0","1025","40","7.5","46","10","0","0","0","0"
"100","آ ٹا نمبر 1","12/21/2010 12:00:00 AM","150","545","20","2600","24","480","0","0","1025","40","7.5","46","10","0","0","0","0"
"101","آ ٹا نمبر 1/1/2","12/21/2010 12:00:00 AM","150","545","24","2600","22","480","0","0","1025","40","7.5","46","10","0","3","0","0"
"102","آ ٹا نمبر 1","1/4/2011 12:00:00 AM","150","545","20","2575","25","500","0","0","1025","40","7.5","46","10","0","3","0","0"
"103","آ ٹا نمبر 1/1/2","1/4/2011 12:00:00 AM","150","538","24","2575","19","500","0","0","1025","40","7.5","46","10","0","3","0","0"
"104"," آ ٹا نمبر2","1/4/2011 12:00:00 AM","130","520","24","2575","10","500","0","0","1025","40","7.5","46","10","0","3","0","0"
"105","آ ٹا نمبر 1","1/15/2011 12:00:00 AM","150","542","20","2500","23","510","0","0","1025","40","7.5","46","10","0","3","0","0"
"106"," آ ٹا نمبر   2","1/15/2011 12:00:00 AM","130","515","24","2500","10","510","0","0","1025","40","7.5","46","10","0","3","0","0"
"107","آٹا نمبر1","1/15/2011 12:00:00 AM","150","542","24","2500","20","510","0","0","1025","40","7.5","46","10","0","0","0","0"
"108","آٹا نمبر1","1/26/2011 12:00:00 AM","150","552","20","2500","28","480","0","0","1025","40","7.5","46","10","0","3","0","0"
"109","آٹا نمبر1","1/29/2011 12:00:00 AM","150","542","20","2450","23","465","0","0","1025","40","7.5","46","10","0","3","0","0"
"110"," New Wheet آ ٹا نمبر 1/1/2","1/29/2011 12:00:00 AM","150","535","24","2250","20","440","0","0","950","40","7.5","46","10","0","3","0","0"
"111","آ ٹا نمبر2","1/29/2011 12:00:00 AM","130","515","24","2450","10","465","0","0","1025","40","7.5","46","10","0","4","0","0"
"112","آٹا نمبر 1","4/11/2011 12:00:00 AM","150","545","20","2450","26","475","0","0","1000","40","7.5","46","10","0","0","0","0"
"113","آ ٹا نمبر2","4/11/2011 12:00:00 AM","130","515","24","2450","10","475","0","0","1000","40","7.5","46","10","0","0","0","0"
"114","آ ٹا نمبرA.G.R","4/11/2011 12:00:00 AM","130","538","24","2477","10","477","0","0","1110","10","7.5","46","10","0","3","0","0"
"115","آٹا نمبر 1","4/19/2011 12:00:00 AM","150","545","20","2425","26","470","0","0","960","40","7.5","46","10","0","3","0","0"
"116","آٹا نمبر 1","4/19/2011 12:00:00 AM","150","535","20","2425","23","470","0","0","960","40","7.5","46","10","0","3","0","0"
"117","آٹا نمبر 2","4/19/2011 12:00:00 AM","130","485","24","2425","10","470","0","0","960","40","7.5","46","10","0","3","0","0"
"119","آٹا نمبر2 -1-1","4/19/2011 12:00:00 AM","150","525","24","2425","20","470","0","0","960","40","7.5","46","10","0","3","0","0"
"120"," آٹا نمبر 1","4/24/2011 12:00:00 AM","150","500","20","2400","22","450","0","0","850","40","7.5","46","10","0","0","0","0"
"121","آٹا نمبر 2","4/24/2011 12:00:00 AM","130","480","20","2400","10","450","0","0","850","40","7.5","46","10","0","0","0","0"
"122","آٹا نمبر 1/1/2","4/24/2011 12:00:00 AM","150","500","24","2400","20","450","0","0","850","40","7.5","46","10","0","0","0","0"
"123","آٹا نمبر 1","4/27/2011 12:00:00 AM","150","458","20","2385","22","450","0","0","850","40","7.5","46","10","0","0","0","0"
"124","آٹا نمبر 1","6/19/2011 12:00:00 AM","150","500","20","2450","24","460","0","0","920","40","8","46","10","0","0","0","0"
"125","آٹا نمبر 2-1-1","6/15/2011 12:00:00 AM","150","480","24","2400","20","460","0","0","910","40","8","46","10","0","0","0","0"
"126","آٹا نمبر 2","7/5/2011 12:00:00 AM","130","475","24","2500","11","440","0","0","950","40","8.25","47","11","0","3","0","0"
"127"," A.G .R آٹا نمبر","5/24/2011 12:00:00 AM","150","464.4","20","2350","26","452.2","0","0","854","40","8","47","11","0","0","0","0"
"128","آٹا نمبر 2","7/5/2011 12:00:00 AM","130","475","24","2550","12","440","0","0","955","40","8.25","47","11","0","0","0","0"
"129","آٹا نمبر 1","7/25/2011 12:00:00 AM","150","485","20","2525","22","410","0","0","915","40","8.25","47","11","0","0","0","0"
"130","آٹا نمبر 2","7/25/2011 12:00:00 AM","130","470","24","2525","12","410","0","0","915","40","8.25","47","11","0","0","0","0"
"131","آٹا نمبر 2-1-1","7/25/2011 12:00:00 AM","150","490","24","2525","18","410","0","0","915","40","8.25","47","11","0","0","0","0"
"132","آٹا نمبر1","7/25/2011 12:00:00 AM","150","485","20","2550","30","410","0","0","905","40","8.25","47","11","0","3","0","0"
"133","آٹا نمبر 1      نیو     ریشو شہر","8/8/2011 12:00:00 AM","160","530","25","2610","32","475","0","0","985","42","8.5","47","11","0","0","0","0"
"134","آٹا نمبر 1      نیو     ریشو     افغانستان","8/8/2011 12:00:00 AM","175","505","25","2550","28","410","0","0","935","42","8.5","47","11","0","0","0","0"
"136","آٹا نمبر 2      نیو     ریشو","8/8/2011 12:00:00 AM","150","500","30","2610","15","475","0","0","985","42","8.5","47","11","0","0","0","0"
"137","آٹا نمبر2-1-1      نیو     ریشو","8/11/2011 12:00:00 AM","170","515","28","2610","24","475","0","0","985","42","8.5","47","11","0","4","0","0"
"138","آٹا نمبر 1      نیو     ریشو     افغانستان","8/9/2011 12:00:00 AM","175","517","25","2575","28","418","0","0","950","42","8.5","47","11","0","0","0","0"
"139","آٹا نمبر2-1-1      نیو     ریشو","9/11/2011 12:00:00 AM","160","515","30","2610","26","475","0","0","985","42","8.25","47","11.5","0","0","0","0"
"140"," آٹا نمبر 1      نیو     ریشو شہر","9/17/2011 12:00:00 AM","175","540","22","2610","30","475","0","0","985","42","8.25","47","11","0","0","0","0"
"141","آٹا نمبر 1      نیو     ریشو     افغانستان","9/17/2011 12:00:00 AM","175","530","25","2610","28","475","0","0","985","42","8.25","47","11","0","0","0","0"
"142","آٹا نمبر2-1-1      نیو     ریشو","9/17/2011 12:00:00 AM","170","515","28","2610","22","475","0","0","985","42","8.25","47","11","0","0","0","0"
"143","آٹا نمبر 2      نیو     ریشو","9/17/2011 12:00:00 AM","150","495","28","2610","14","475","0","0","985","42","8.25","47","11","0","0","0","0"
"144","آٹا نمبر 1      نیو     ریشو     افغانستان","9/21/2011 12:00:00 AM","175","522","25","2580","28","485","0","0","977","42","8.25","47","11","0","4.5","0","0"
"146","آٹا نمبر 1      نیو     ریشو شہر","9/28/2011 12:00:00 AM","220","540","28","2575","37","480","0","0","980","40","8","46","12","0","0","0","0"
"147","آٹا نمبر 1      نیو     ریشو     افغانستان","9/28/2011 12:00:00 AM","220","525","32","2575","34","480","0","0","980","40","8","46","12","0","0","0","0"
"148","آٹا نمبر2-1-1      نیو     ریشو","9/28/2011 12:00:00 AM","215","510","36","2575","28","480","0","0","980","40","8","46","12","0","0","0","0"
"153","آٹا نمبر2-1-1      نیو     ریشو","10/17/2011 12:00:00 AM","170","520","28","2550","22","480","0","0","985","45","8","46","12","0","0","0","0"
"154","آٹا نمبر 2      نیو     ریشو","10/17/2011 12:00:00 AM","150","518","28","2550","13","490","0","0","990","45","8","46","12","0","0","0","0"
"155","آٹا نمبر 1      نیو     ریشو     افغانستان","10/20/2011 12:00:00 AM","175","535","25","2550","28","495","0","0","985","45","8","46","12","0","0","0","0"
"156","آٹا نمبر 1      نیو     ریشو     افغانستان","10/31/2011 12:00:00 AM","175","550","25","2625","28","520","0","0","1010","45","8","47","12","0","0","0","0"
"157","آٹا نمبر 1      نیو     ریشو شہر","11/14/2011 12:00:00 AM","175","560","22","2600","30","500","0","0","1025","45","8","47","11","0","0","0","0"
"158","آٹا نمبر 1      نیو     ریشو     افغانستان","11/14/2011 12:00:00 AM","175","555","25","2600","28","500","0","0","1025","45","8","47","11","0","0","0","0"
"159","آٹا نمبر2-1-1      نیو     ریشو","12/7/2011 12:00:00 AM","170","540","28","2600","20","500","0","0","1025","45","8","47","11","0","0","0","0"
"160","آٹا نمبر 2      نیو     ریشو","12/7/2011 12:00:00 AM","150","528","28","2600","14","500","0","0","1025","45","8","47","11","0","0","0","0"
"161","آٹا نمبر 1      نیو     ریشو شہر","12/13/2011 12:00:00 AM","175","560","22","2550","30","500","0","0","1025","45","8.25","47","12","0","2","0","0"
"162","آٹا نمبر 1      نیو     ریشو     افغانستان","12/13/2011 12:00:00 AM","175","555","25","2550","28","500","0","0","1025","45","8.25","47","12","0","2","0","0"
"163","آٹا نمبر2-1-1      نیو     ریشو","12/13/2011 12:00:00 AM","170","545","28","2550","20","500","0","0","1025","45","8.25","47","12","0","0","0","0"
"164","آٹا نمبر 2      نیو     ریشو","12/13/2011 12:00:00 AM","150","530","28","2550","13","500","0","0","1025","45","8.25","47","12","0","3","0","0"
"165","آٹا نمبر 1      نیو     ریشو شہر","12/17/2011 12:00:00 AM","175","560","22","2550","30","500","0","0","1025","45","8.25","47","12","0","3","0","0"
"166","آٹا نمبر 1      نیو     ریشو     افغانستان","12/17/2011 12:00:00 AM","175","550","25","2550","28","500","0","0","1025","45","8.25","47","12","0","3","0","0"
"167","آٹا نمبر2-1-1      نیو     ریشو","12/17/2011 12:00:00 AM","170","545","28","2550","21","500","0","0","1025","45","8.25","47","12","0","3","0","0"
"168","آٹا نمبر 2      نیو     ریشو","12/17/2011 12:00:00 AM","150","530","28","2550","13","500","0","0","1025","45","8.25","47","12","0","3","0","0"
"169","آٹا نمبر 1      نیو     ریشو شہر","12/31/2011 12:00:00 AM","175","560","22","2550","30","510","0","0","1025","45","8.25","47","12","0","3","0","0"
"170","آٹا نمبر 2      نیو     ریشو","12/31/2011 12:00:00 AM","150","530","28","2550","13","510","0","0","1025","45","8.25","47","12","0","3","0","0"
"171","آٹا نمبر2-1-1      نیو     ریشو","12/31/2011 12:00:00 AM","170","545","28","2575","22","530","0","0","1020","46","8","47","12","0","0","0","0"
"172","آٹا نمبر 1      نیو     ریشو     افغانستان","12/31/2011 12:00:00 AM","175","560","25","2575","28","530","0","0","1020","46","8","47","12","0","0","0","0"
"173","آٹا نمبر 1      نیو     ریشو شہر","1/11/2012 12:00:00 AM","175","560","22","2525","30","550","0","0","980","46","8","47","12","0","0","0","0"
"174","آٹا نمبر 1      نیو     ریشو     افغانستان","1/11/2012 12:00:00 AM","175","542","25","2525","28","550","0","0","980","46","8","47","12","0","0","0","0"
"175","آٹا نمبر2-1-1      نیو     ریشو","1/11/2012 12:00:00 AM","170","530","28","2525","21","545","0","0","1000","46","8","47","12","0","0","0","0"
"176","آٹا نمبر 2      نیو     ریشو","1/11/2012 12:00:00 AM","150","515","28","2525","13","550","0","0","980","46","8","47","12","0","0","0","0"
"177","Atta F","2/13/2012 12:00:00 AM","175","560","22","2550","32","565","0","0","1000","47","8","46","12","0","0","0","0"
"178","آٹا نمبر 1      نیو     ریشو شہر","2/28/2012 12:00:00 AM","175","558","22","2550","30","500","0","0","1025","45","8","47","12","0","3","0","0"
"179","آٹا نمبر 1      نیو     ریشو     افغانستان","2/28/2012 12:00:00 AM","170","550","18","2550","28","500","0","0","1025","45","8","47","12","0","0","0","0"
"180","آٹا نمبر2-1-1      نیو     ریشو","2/28/2012 12:00:00 AM","170","540","28","2550","22","510","0","0","1010","46","8","47","12","0","0","0","0"
"181","آٹا نمبر 2      نیو     ریشو","2/28/2012 12:00:00 AM","150","520","28","2550","14","500","0","0","1025","45","8","47","12","0","0","0","0"
"182","آٹا نمبر 1      نیو     ریشو شہر","3/5/2012 12:00:00 AM","220","555","30","2550","32","475","0","0","1025","45","8","46","12","0","0","0","0"
"183","آٹا نمبر 1      نیو     ریشو     افغانستان","3/5/2012 12:00:00 AM","220","555","30","2550","38","500","0","0","1025","45","8","46","12","0","3","0","0"
"184","آٹا نمبر2-1-1      نیو     ریشو","3/5/2012 12:00:00 AM","220","540","36","2550","28","500","0","0","1025","45","8","46","12","0","3","0","0"
"185","آٹا نمبر 2      نیو     ریشو","3/5/2012 12:00:00 AM","220","520","36","2550","18","500","0","0","1025","45","8","46","12","0","3","0","0"
"186","آٹا نمبر 1      نیو     ریشو شہر","3/29/2012 12:00:00 AM","175","563","22","2570","30","460","0","0","1020","45","8","46","12","0","3","0","0"
"187","آٹا نمبر 1      نیو     ریشو     افغانستان","3/29/2012 12:00:00 AM","175","555","25","2570","28","460","0","0","1020","45","8","46","12","0","3","0","0"
"188","آٹا نمبر2-1-1      نیو     ریشو","3/29/2012 12:00:00 AM","170","542","28","2570","22","460","0","0","1020","45","8","46","12","0","3","0","0"
"189","آٹا نمبر 2      نیو     ریشو","3/29/2012 12:00:00 AM","150","525","28","2570","14","460","0","0","1020","45","8","46","12","0","3","0","0"
"190","آٹا نمبر 1      نیو     ریشو شہر","4/21/2012 12:00:00 AM","175","560","20","2460","30","460","0","0","980","45","8","46","12","0","0","0","0"
"191","آٹا نمبر 1      نیو     ریشو     افغانستان","4/21/2012 12:00:00 AM","175","540","25","2460","28","460","0","0","980","45","8","46","12","0","0","0","0"
"192","آٹا نمبر2-1-1      نیو     ریشو","4/21/2012 12:00:00 AM","170","525","28","2460","22","460","0","0","980","45","8","46","12","0","0","0","0"
"193","آٹا نمبر 2      نیو     ریشو","4/21/2012 12:00:00 AM","150","515","28","2460","14","460","0","0","980","45","8","46","12","0","0","0","0"
"194","آٹا نمبر 1      نیو     ریشو شہر","4/24/2012 12:00:00 AM","175","560","22","2460","30","460","0","0","960","45","8","46","12","0","0","0","0"
"195","آٹا نمبر 2      نیو     ریشو","4/24/2012 12:00:00 AM","150","515","28","2460","14","460","0","0","960","45","8","46","12","0","0","0","0"
"196","آٹا نمبر2-1-1      نیو     ریشو","4/24/2012 12:00:00 AM","170","525","28","2460","22","460","0","0","960","45","8","46","12","0","0","0","0"
"197","آٹا نمبر 1      نیو     ریشو     افغانستان","4/24/2012 12:00:00 AM","175","535","25","2450","28","460","0","0","960","45","8","46","12","0","0","0","0"
"198","                                     آٹا175+میدہ22+چوکر 30                  آٹا نمبر 1      نیو     ریشو شہر","5/6/2012 12:00:00 AM","175","530","22","2450","30","465","0","0","950","45","8","46","12","0","0","0","0"
"199","                                آٹا175+میدہ25+چوکر 28                  آٹا نمبر 1      نیو     ریشو     افغانستان","5/6/2012 12:00:00 AM","175","520","25","2450","28","465","0","0","950","45","8","46","12","0","0","0","0"
"200","              آٹا170+میدہ28+چوکر 22                آٹا نمبر2-1-1      نیو     ریشو","5/6/2012 12:00:00 AM","240","520","24","2450","21","465","0","0","950","45","8","46","12","0","0","0","0"
"201","                           آٹا150+میدہ28+چوکر 14                   آٹا نمبر 2      نیو     ریشو","5/6/2012 12:00:00 AM","150","500","26","2450","13","465","0","0","950","45","8","46","12","0","0","0","0"
"202","آٹا نمبر 2      نیو     ریشو","5/10/2012 12:00:00 AM","130","500","24","2450","10","470","0","0","950","45","8","46","12","0","0","0","0"
"203","آٹا نمبر 2      نیو     ریشو","5/10/2012 12:00:00 AM","150","500","28","2450","14","470","0","0","950","45","8","46","12","0","0","0","0"
"204","                آٹا نمبر 1      نیو     ریشو شہر","5/10/2012 12:00:00 AM","150","550","20","2450","26","470","0","0","950","45","8","46","12","0","0","0","0"
"205","                آٹا نمبر 1      نیو     ریشو شہر","5/10/2012 12:00:00 AM","175","550","22","2450","30","465","0","0","950","45","8","46","12","0","0","0","0"
"206","      آٹا نمبر2-1-1      نیو     ریشو","5/10/2012 12:00:00 AM","150","515","24","2450","20","470","0","0","950","45","8","46","12","0","0","0","0"
"207","      آٹا نمبر2-1-1      نیو     ریشو","5/10/2012 12:00:00 AM","170","515","28","2450","22","470","0","0","950","45","8","46","12","0","0","0","0"
"208","           آٹا نمبر 1      نیو     ریشو     افغانستان","5/10/2012 12:00:00 AM","150","530","24","2450","21","470","0","0","950","45","8","46","12","0","0","0","0"
"209","           آٹا نمبر 1      نیو     ریشو     افغانستان","5/10/2012 12:00:00 AM","175","530","25","2450","28","470","0","0","950","45","8","46","12","0","0","0","0"
"210","Sf Mill 1","5/9/2012 12:00:00 AM","160","540","15","2450","22","500","0","0","965","45","8","46","12","0","0","0","0"
"211","Nz Mill","5/9/2012 12:00:00 AM","200","528","19","2450","25","500","0","0","970","45","8","46","12","0","0","0","0"
"212","آٹا نمبر 2      نیو     ریشو","5/12/2012 12:00:00 AM","150","500","28","2450","14","500","0","0","965","45","8","46","12","0","0","0","0"
"213","         آٹا نمبر 1      نیو     ریشو شہر","5/12/2012 12:00:00 AM","175","535","22","2450","31","500","0","0","965","45","8","46","12","0","3","0","0"
"214","      آٹا نمبر2-1-1      نیو     ریشو","5/12/2012 12:00:00 AM","170","515","28","2450","22","500","0","0","965","45","8","46","12","0","0","0","0"
"215","           آٹا نمبر 1      نیو     ریشو     افغانستان","5/12/2012 12:00:00 AM","200","535","19","2450","25","500","0","0","970","45","8","46","12","0","0","0","0"
"216","           آٹا نمبر 1      نیو     ریشو     افغانستان","5/14/2012 12:00:00 AM","175","530","25","2450","28","500","0","0","965","45","8","46","12","0","0","0","0"
"217","           آٹا نمبر 1      نیو     ریشو     افغانستان","5/14/2012 12:00:00 AM","175","530","25","2450","28","500","0","0","965","45","8","46","12","0","0","0","0"
"218","         آٹا نمبر 1      نیو     ریشو شہر","5/26/2012 12:00:00 AM","175","528","22","2525","32","590","0","0","975","45","8","46","12","0","0","0","0"
"219","           آٹا نمبر 1      نیو     ریشو     افغانستان","5/26/2012 12:00:00 AM","175","535","25","2485","28","540","0","0","985","45","8","46","12","0","0","0","0"
"220","      آٹا نمبر2-1-1      نیو     ریشو","5/26/2012 12:00:00 AM","170","515","28","2485","22","540","0","0","985","45","8","46","12","0","0","0","0"
"221","آٹا نمبر 2      نیو     ریشو","5/26/2012 12:00:00 AM","150","505","28","2485","14","540","0","0","985","45","8","46","12","0","0","0","0"
"222","           آٹا نمبر 1      نیو     ریشو     افغانستان فاروق مل ریشو","6/13/2012 12:00:00 AM","155","540","25","2525","37","590","0","0","980","45","8","46","12","0","0","0","0"
"223","           آٹا نمبر 1      نیو     ریشو","6/13/2012 12:00:00 AM","175","530","25","2500","28","580","0","0","985","45","8","46","12","0","0","0","0"
"224","           آٹا نمبر 1      نیو     ریشو     افغانستان","6/28/2012 12:00:00 AM","175","530","25","2525","28","565","0","0","980","45","8","46","12","0","0","0","0"
"226","           آٹا نمبر 1      نیو     ریشو","7/2/2012 12:00:00 AM","205","555","25","2550","40","540","0","0","980","45","8","46","12","0","0","0","0"
"227","           آٹا نمبر 1      نیو     ریشو","7/14/2012 12:00:00 AM","205","545","25","2550","40","535","0","0","980","45","8","46","12","0","0","0","0"
"228","           آٹا نمبر 1      نیو     ریشو","7/31/2012 12:00:00 AM","205","554","25","2700","38","540","0","0","1040","45","8","46","12","0","3","0","0"
"229","           آٹا نمبر 1      نیو     ریشو     افغانستان","7/31/2012 12:00:00 AM","175","540","25","2650","28","530","0","0","1020","45","8","46","12","0","0","0","0"
"230","      آٹا نمبر2-1-1      نیو     ریشو","8/23/2012 12:00:00 AM","170","570","28","2725","22","540","0","0","1075","45","8","46","12","0","0","0","0"
"231","آٹا نمبر 2      نیو     ریشو","7/31/2012 12:00:00 AM","150","520","28","2650","14","530","0","0","1020","45","8","46","12","0","0","0","0"
"232","Old   آٹا نمبر 1      نیو     ریشو","7/31/2012 12:00:00 AM","175","554","22","2700","31","540","0","0","1040","45","8","46","12","0","3","0","0"
"233","           آٹا نمبر 1      نیو     ریشو","8/26/2012 12:00:00 AM","175","600","22","2800","30","570","0","0","1100","45","8","46","12","0","0","0","0"
"234","","8/23/2012 12:00:00 AM","150","560","28","2725","22","540","0","0","1075","45","8","46","12","0","0","0","0"
"235","      آٹا نمبر 1      نیو     ریشو","8/26/2012 12:00:00 AM","175","590","25","2800","30","570","0","0","1090","45","8","46","12","0","0","0","0"
"236","      آٹا نمبر 1      نیو     ریشو","9/13/2012 12:00:00 AM","205","587","25","2800","40","570","0","0","1080","45","8","46","12","0","3","0","0"
"237","           آٹا نمبر 1      نیو     ریشو     افغانستان","9/13/2012 12:00:00 AM","175","585","25","2800","30","570","0","0","1090","46","8","45","12","0","0","0","0"
"238","      آٹا نمبر2-1-1      نیو     ریشو","9/13/2012 12:00:00 AM","170","575","28","2800","22","570","0","0","1090","46","8","45","12","0","0","0","0"
"239","آٹا نمبر 2      نیو     ریشو","9/13/2012 12:00:00 AM","150","565","28","2800","14","570","0","0","1090","46","8","45","12","0","0","0","0"
"240","           آٹا نمبر 1      نیو     ریشو     افغانستان","10/1/2012 12:00:00 AM","175","590","25","2775","30","620","0","0","1100","45","8","46","12","0","3","0","0"
"241","      آٹا نمبر 1      نیو     ریشو","9/16/2012 12:00:00 AM","175","600","22","2775","32","620","0","0","1100","45","8","46","12","0","3","0","0"
"242","      آٹا نمبر 1      نیو     ریشو","9/17/2012 12:00:00 AM","175","590","22","2775","32","610","0","0","1090","45","8","46","12","0","3","0","0"
"243","           آٹا نمبر 1      نیو     ریشو     افغانستان","10/13/2012 12:00:00 AM","175","600","25","2850","30","615","0","0","1100","47","8","46","12","0","0","0","0"
"244","  آٹا نمبر2-1-1      نیو     ریشو","10/21/2012 12:00:00 AM","170","585","28","2800","25","620","0","0","1100","46","8","46","12","0","0","0","0"
"245","  آٹا نمبر2-1-1      نیو     ریشو","12/1/2012 12:00:00 AM","170","610","28","2875","20","590","0","0","1125","45","8","46","12","0","0","0","0"
"246","           آٹا نمبر 1      نیو     ریشو     افغانستان","12/1/2012 12:00:00 AM","175","620","25","2875","30","590","0","0","1130","45","8","46","12","0","3","0","0"
"247","      آٹا نمبر 1      نیو     ریشو","12/1/2012 12:00:00 AM","175","630","22","2875","32","590","0","0","1130","45","8","46","12","0","3","0","0"
"248","آٹا نمبر 2      نیو     ریشو","12/1/2012 12:00:00 AM","150","590","28","2875","14","590","0","0","1130","45","8","46","12","0","3","0","0"
"249","آٹا نمبر 2      نیو     ریشو","12/27/2012 12:00:00 AM","150","640","28","2900","14","600","0","0","1200","45","8","46","12","0","0","0","0"
"250","      آٹا نمبر 1      نیو     ریشو","12/27/2012 12:00:00 AM","175","670","22","2950","32","600","0","0","1200","45","8","46","12","0","0","0","0"
"251","        آٹا نمبر 1      نیو     ریشو     افغانستان","12/27/2012 12:00:00 AM","175","670","25","3075","30","570","0","0","1230","45","8","46","12","0","0","0","0"
"252","  آٹا نمبر2-1-1      نیو     ریشو","12/27/2012 12:00:00 AM","170","655","28","3075","22","570","0","0","1230","45","8","46","12","0","0","0","0"
"253","آٹا نمبر 2      نیو     ریشو","1/22/2013 12:00:00 AM","150","640","28","3075","14","570","0","0","1160","45","8","46","12","0","0","0","0"
"254","        آٹا نمبر 1      نیو     ریشو     افغانستان","2/28/2013 12:00:00 AM","175","660","25","3050","30","550","0","0","1150","47","8","46","12","0","0","0","0"
"255","      آٹا نمبر 1      نیو     ریشو","2/28/2013 12:00:00 AM","175","665","22","3000","32","550","0","0","1150","47","8","46","12","0","0","0","0"
"256","  آٹا نمبر2-1-1      نیو     ریشو","2/28/2013 12:00:00 AM","170","625","28","3000","22","500","0","0","1165","47","8","46","12","0","0","0","0"
"257","آٹا نمبر 2      نیو     ریشو","2/28/2013 12:00:00 AM","150","615","28","3000","14","500","0","0","1165","47","8","46","12","0","0","0","0"
"258","      آٹا نمبر 1      نیو     ریشو","4/1/2013 12:00:00 AM","175","665","22","3000","32","500","0","0","1165","48","8","46","12","0","0","0","0"
"259","New      آٹا نمبر 1      نیو     ریشو","4/1/2013 12:00:00 AM","225","665","28","3000","41","500","0","0","1165","48","8","46","12","0","0","0","0"
"260","new        آٹا نمبر 1      نیو     ریشو     افغانستان","4/1/2013 12:00:00 AM","220","650","32","3000","38","500","0","0","1165","48","8","46","12","0","0","0","0"
"261","        آٹا نمبر 1      نیو     ریشو     افغانستان","4/1/2013 12:00:00 AM","175","650","25","3000","30","500","0","0","1165","48","8","46","12","0","0","0","0"
"262","  آٹا نمبر2-1-1      نیو     ریشو","4/1/2013 12:00:00 AM","170","628","28","3000","22","500","0","0","1165","48","8","46","12","0","0","0","0"
"263"," new  آٹا نمبر2-1-1      نیو     ریشو","4/1/2013 12:00:00 AM","220","628","36","3000","28","500","0","0","1165","48","8","46","12","0","0","0","0"
"264","آٹا نمبر 2      نیو     ریشو","4/1/2013 12:00:00 AM","150","610","28","3000","14","500","0","0","1165","48","8","46","12","0","0","0","0"
"265"," new  آٹا نمبر 2      نیو     ریشو","4/1/2013 12:00:00 AM","195","610","36","3000","18","500","0","0","1165","48","8","46","12","0","0","0","0"
"266","        آٹا نمبر 1      نیو     ریشو     افغانستان","4/6/2013 12:00:00 AM","220","645","32","2950","38","510","0","0","1160","48","8","47","12","0","0","0","0"
"267","آٹا نمبر 1      نیو     ریشو","4/6/2013 12:00:00 AM","230","660","29","2950","42","510","0","0","1160","48","8","47","12","0","0","0","0"
"268","آٹا نمبر2-1-1      نیو     ریشو","4/6/2013 12:00:00 AM","231","625","36","2950","28","510","0","0","1160","48","8","47","12","0","0","0","0"
"269","آٹا نمبر 2      نیو     ریشو","4/6/2013 12:00:00 AM","190","610","36","2950","18","510","0","0","1160","48","8","47","12","0","0","0","0"
"270","        آٹا نمبر 1      نیو     ریشو     افغانستان","4/20/2013 12:00:00 AM","175","625","25","2850","30","550","0","0","1125","47","9","48","12","0","0","0","0"
"271","آٹا نمبر 2      نیو     ریشو","4/20/2013 12:00:00 AM","150","590","28","2850","14","550","0","0","1125","47","9","48","12","0","0","0","0"
"272","آٹا نمبر2-1-1      نیو     ریشو","4/20/2013 12:00:00 AM","170","600","28","2850","22","550","0","0","1125","47","9","48","12","0","0","0","0"
"273","آٹا نمبر 1      نیو     ریشو","4/20/2013 12:00:00 AM","175","670","22","3200","32","630","0","0","1210","47","9","48","12","0","0","0","0"
"274","آٹا نمبر2-1-1      نیو     ریشو","6/1/2013 12:00:00 AM","220","620","36","3200","28","630","0","0","1210","48","8","47","12","0","0","0","0"
"275","آٹا نمبر 1      نیو     ریشو","6/5/2013 12:00:00 AM","225","670","28","3200","41","630","0","0","1215","48","9","47","12","0","0","0","0"
"276","آٹا نمبر 1      نیو     ریشو","6/5/2013 12:00:00 AM","175","670","22","3200","32","630","0","0","1215","48","9","47","12","0","0","0","0"
"277","    آٹا نمبر 1      نیو     ریشو     افغانستان","6/5/2013 12:00:00 AM","220","655","32","3200","38","630","0","0","1215","48","9","47","12","0","0","0","0"
"278","    آٹا نمبر 1      نیو     ریشو     افغانستان","6/5/2013 12:00:00 AM","175","655","25","3200","30","630","0","0","1215","48","9","47","12","0","0","0","0"
"279","آٹا نمبر2-1-1      نیو     ریشو","6/6/2013 12:00:00 AM","220","620","36","3200","28","630","0","0","1215","48","9","47","12","0","0","0","0"
"280","آٹا نمبر2-1-1      نیو     ریشو","6/6/2013 12:00:00 AM","170","620","28","3200","22","630","0","0","1215","48","9","47","12","0","0","0","0"
"281","آٹا نمبر 2      نیو     ریشو","6/6/2013 12:00:00 AM","195","620","36","3200","18","630","0","0","1240","48","9","47","12","0","3","0","0"
"282","آٹا نمبر 2      نیو     ریشو","6/6/2013 12:00:00 AM","150","620","28","3200","14","630","0","0","1240","48","9","47","12","0","0","0","0"
"283","آٹا نمبر 1      نیو     ریشو","6/10/2013 12:00:00 AM","225","670","28","3250","41","640","0","0","1250","48","9","47","12","0","0","0","0"
"284","    آٹا نمبر 1      نیو     ریشو","6/10/2013 12:00:00 AM","175","670","22","3250","32","640","0","0","1250","48","9","47","12","0","0","0","0"
"285","    آٹا نمبر 1      نیو     ریشو     افغانستان","6/10/2013 12:00:00 AM","220","660","32","3250","38","640","0","0","1250","48","9","47","12","0","0","0","0"
"286","    آٹا نمبر 1      نیو     ریشو     افغانستان","6/10/2013 12:00:00 AM","175","680","25","3350","30","600","0","0","1290","48","9","47","12","0","0","0","0"
"287","آٹا نمبر 2      نیو     ریشو","6/11/2013 12:00:00 AM","195","630","36","3300","20","640","0","0","1270","48","9","47","12","0","3","0","0"
"288","آٹا نمبر 2      نیو     ریشو","6/11/2013 12:00:00 AM","150","630","28","3300","14","640","0","0","1270","48","9","47","12","0","3","0","0"
"289","آٹا نمبر2-1-1      نیو     ریشو","6/11/2013 12:00:00 AM","220","630","36","3250","28","640","0","0","1250","48","9","47","12","0","0","0","0"
"290","آٹا نمبر2-1-1      نیو     ریشو","6/11/2013 12:00:00 AM","170","630","28","3250","22","640","0","0","1250","48","9","47","12","0","0","0","0"
"291","آٹا نمبر 2      نیو     ریشو","6/24/2013 12:00:00 AM","195","650","36","3300","20","640","0","0","1290","48","9","47","12","0","0","0","0"
"292","آٹا نمبر2-1-1      نیو     ریشو","7/7/2013 12:00:00 AM","220","660","36","3350","28","600","0","0","1290","48","9","47","12","0","3","0","0"
"293","آٹا نمبر 2      نیو     ریشو","7/7/2013 12:00:00 AM","195","650","36","3350","20","600","0","0","1290","48","9","47","12","0","0","0","0"
"294","    آٹا نمبر 1      نیو     ریشو     افغانستان","7/7/2013 12:00:00 AM","220","680","32","3350","38","600","0","0","1290","48","9","47","12","0","3","0","0"
"295","    آٹا نمبر 1      نیو     ریشو","7/7/2013 12:00:00 AM","225","685","28","3350","41","600","0","0","1290","48","9","47","12","0","0","0","0"
"296","    آٹا نمبر 1      نیو     ریشو","7/22/2013 12:00:00 AM","225","740","28","3500","41","620","0","0","1365","48","9","47","12","0","3","0","0"
"297","    آٹا نمبر 1      نیو     ریشو     افغانستان","7/22/2013 12:00:00 AM","220","745","32","3600","38","680","0","0","1400","50","9","47","12","0","3","0","0"
"298","آٹا نمبر 2      نیو     ریشو","7/22/2013 12:00:00 AM","195","700","36","3500","20","620","0","0","1400","48","9","47","12","0","3","0","0"
"299","آٹا نمبر2-1-1      نیو     ریشو","7/22/2013 12:00:00 AM","220","720","36","3500","28","620","0","0","1375","48","9","47","12","0","3","0","0"
"300","    آٹا نمبر 1      نیو     ریشو","8/25/2013 12:00:00 AM","225","755","28","3600","41","680","0","0","1400","50","8","46","12","0","3","0","0"
"301","    آٹا نمبر 1      نیو     ریشو","11/19/2013 12:00:00 AM","225","845","28","4050","41","760","0","0","1600","60","9","48","12","0","3","0","0"
"302","آٹا نمبر 2      نیو     ریشو","11/19/2013 12:00:00 AM","195","800","36","4050","20","760","0","0","1600","60","9","48","12","0","3","0","0"
"303","    آٹا نمبر 1      نیو     ریشو     افغانستان","11/19/2013 12:00:00 AM","220","825","32","4050","38","760","0","0","1600","60","9","48","12","0","3","0","0"
"304","    آٹا نمبر 1      نیو     ریشو     افغانستان","1/27/2014 12:00:00 AM","220","805","32","3700","38","760","0","0","1376","60","11","48","12","0","3","0","0"
"305","آٹا نمبر 2      نیو     ریشو","1/27/2014 12:00:00 AM","195","770","36","3750","20","630","0","0","1400","70","11","48","12","0","0","0","0"
"306","آٹا نمبر2-1-1      نیو     ریشو","1/27/2014 12:00:00 AM","220","765","36","3700","28","660","0","0","1376","60","11","48","12","0","3","0","0"
"307","    آٹا نمبر 1      نیو     ریشو     افغانستان","3/24/2014 12:00:00 AM","220","800","32","3750","38","630","0","0","1400","70","10","47","12","0","0","0","0"
"308","آٹا نمبر 2      نیو     ریشو","3/24/2014 12:00:00 AM","195","780","36","3800","20","650","0","0","1475","70","10","47","12","0","0","0","0"
"309","آٹا نمبر2-1-1      نیو     ریشو","3/24/2014 12:00:00 AM","220","790","36","3800","28","650","0","0","1475","70","10","47","12","0","0","0","0"
"310","    آٹا نمبر 1      نیو     ریشو     افغانستان","4/14/2014 12:00:00 AM","220","710","32","3550","38","620","0","0","1250","70","12","47","12","0","0","0","0"
"311","آٹا نمبر2-1-1      نیو     ریشو","4/14/2014 12:00:00 AM","220","690","36","3550","30","620","0","0","1250","70","12","47","12","0","0","0","0"
"312","آٹا نمبر 2      نیو     ریشو","4/14/2014 12:00:00 AM","195","680","36","3550","20","600","0","0","1250","70","12","47","12","0","0","0","0"
"313","    آٹا نمبر 1      نیو     ریشو","4/14/2014 12:00:00 AM","225","720","28","3550","41","620","0","0","1250","70","12","47","12","0","0","0","0"
"314","    آٹا نمبر 1      نیو     ریشو","4/21/2014 12:00:00 AM","225","670","28","3375","41","620","0","0","1225","70","12","47","12","0","3","0","0"
"315","آٹا نمبر 2      نیو     ریشو","4/21/2014 12:00:00 AM","195","630","36","3375","20","620","0","0","1225","70","12","47","12","0","3","0","0"
"316","آٹا نمبر2-1-1      نیو     ریشو","4/21/2014 12:00:00 AM","220","650","36","3375","30","620","0","0","1225","70","12","47","12","0","3","0","0"
"317","    آٹا نمبر 1      نیو     ریشو     افغانستان","4/21/2014 12:00:00 AM","220","660","32","3375","38","620","0","0","1225","70","12","47","12","0","3","0","0"
"318","    آٹا نمبر 1      نیو     ریشو","4/23/2014 12:00:00 AM","225","665","28","3300","41","620","0","0","1200","70","12","47","12","0","0","0","0"
"319","    آٹا نمبر 1      نیو     ریشو     افغانستان","4/23/2014 12:00:00 AM","220","650","32","3300","38","620","0","0","1200","70","12","47","12","0","0","0","0"
"320","آٹا نمبر2-1-1      نیو     ریشو","4/23/2014 12:00:00 AM","220","640","36","3300","30","620","0","0","1200","70","12","47","12","0","0","0","0"
"321","آٹا نمبر 2      نیو     ریشو","4/23/2014 12:00:00 AM","195","620","36","3300","20","620","0","0","1200","70","12","47","12","0","0","0","0"
"322","آٹا نمبر 2      نیو     ریشو","5/15/2014 12:00:00 AM","195","640","36","3200","20","600","0","0","1240","70","12","45","12","0","3","0","0"
"323","    آٹا نمبر 1      نیو     ریشو     افغانستان","5/15/2014 12:00:00 AM","220","680","32","3200","22","600","0","0","1240","70","12","45","12","0","3","0","0"
"324","    آٹا نمبر 1      نیو     ریشو","5/15/2014 12:00:00 AM","225","700","28","3200","41","600","0","0","1240","70","12","45","12","0","3","0","0"
"325","آٹا نمبر2-1-1      نیو     ریشو","5/15/2014 12:00:00 AM","220","660","36","3200","30","600","0","0","1240","70","12","45","12","0","3","0","0"
"326","    آٹا نمبر 1      نیو     ریشو","5/18/2014 12:00:00 AM","225","700","28","3175","41","600","0","0","1250","50","12","47","12","0","3","0","0"
"327","    آٹا نمبر 1      نیو     ریشو     افغانستان","5/18/2014 12:00:00 AM","220","660","32","3175","38","600","0","0","1250","50","12","47","12","0","3","0","0"
"328","آٹا نمبر2-1-1      نیو     ریشو","5/18/2014 12:00:00 AM","220","660","36","3175","30","600","0","0","1250","50","12","45","12","0","3","0","0"
"329","آٹا نمبر 2      نیو     ریشو","5/18/2014 12:00:00 AM","195","625","36","3350","21","650","0","0","1250","60","12","47","12","0","0","0","0"
"330","    آٹا نمبر 1      نیو     ریشو","7/6/2014 12:00:00 AM","225","758","28","3680","40","650","0","0","1380","70","11","47","13","0","0","0","0"
"331","    آٹا نمبر 1      نیو     ریشو     افغانستان","7/6/2014 12:00:00 AM","220","700","32","3350","38","620","0","0","1280","70","11","47","13","0","3","0","0"
"332","آٹا نمبر 2      نیو     ریشو","7/6/2014 12:00:00 AM","195","670","36","3350","20","620","0","0","1280","70","11","47","12","0","3","0","0"
"333","آٹا نمبر2-1-1      نیو     ریشو","7/6/2014 12:00:00 AM","300","740","25","3680","22","650","0","0","1380","70","11","47","13","0","0","0","0"
"334","    آٹا نمبر 1      نیو     ریشو","8/6/2014 12:00:00 AM","225","758","28","3680","41","650","0","0","1380","70","11","47","12","0","3","0","0"
"335","    آٹا نمبر 1      نیو     ریشو","8/6/2014 12:00:00 AM","300","758","20","3680","35","650","0","0","1380","70","11","47","12","0","3","0","0"
"336","آٹا نمبر 2      نیو     ریشو","8/6/2014 12:00:00 AM","195","715","36","3680","20","650","0","0","1380","70","11","47","12","0","0","0","0"
"337","آٹا نمبر 2      نیو     ریشو","8/23/2014 12:00:00 AM","195","670","36","3700","20","670","0","0","1345","70","12","45","14","0","0","0","0"
"338","    آٹا نمبر 1      نیو     ریشو","8/23/2014 12:00:00 AM","225","720","28","3700","41","670","0","0","1345","70","12","45","14","0","0","0","0"
"339","آٹا نمبر2-1-1      نیو     ریشو","8/23/2014 12:00:00 AM","220","680","36","3550","30","640","0","0","1335","70","12","42","14","0","0","0","0"
"340","    آٹا نمبر 1      نیو     ریشو","12/31/2014 12:00:00 AM","225","720","28","3350","41","690","0","0","1315","70","12","45","12","0","4","0","0"
"341","آٹا نمبر2-1-1      نیو     ریشو","12/6/2014 12:00:00 AM","220","685","36","3450","30","650","0","0","1325","70","12","42","12","0","3","0","0"
"342","آٹا نمبر 2      نیو     ریشو","12/6/2014 12:00:00 AM","195","670","36","3450","20","650","0","0","1325","70","12","42","12","0","3","0","0"
"343","آٹا نمبر 2      نیو     ریشو","12/24/2014 12:00:00 AM","195","665","36","3400","20","680","0","0","1310","70","12","45","12","0","3","0","0"
"344","آٹا نمبر2-1-1      نیو     ریشو","1/27/2015 12:00:00 AM","220","655","36","3375","31","690","0","0","1315","70","12","45","12","0","4","0","0"
"345","     نیو     ریشو","1/31/2015 12:00:00 AM","130","720","18","3350","32","690","0","0","1315","70","12","45","12","0","4","0","0"
"346","     نیو     ریشو","1/31/2015 12:00:00 AM","240","700","19","3350","30","690","0","0","1315","70","12","45","12","0","4","0","0"
"347"," نیو     ریشو","1/31/2015 12:00:00 AM","240","665","24","3350","21","690","0","0","1315","70","12","45","12","0","4","0","0"
"348"," نیو     ریشو","1/31/2015 12:00:00 AM","195","650","24","3350","12","690","0","0","1315","70","12","45","12","0","4","0","0"
"349","    آٹا نمبر 1      نیو     ریشو","2/4/2015 12:00:00 AM","225","705","32","3300","41","600","0","0","1310","70","12","45","12","0","4","0","0"
"350","آٹا نمبر 2      نیو     ریشو","2/4/2015 12:00:00 AM","195","658","36","3250","21","640","0","0","1310","70","12","45","12","0","4","0","0"
"351","آٹا نمبر 2      نیو     ریشو","3/30/2015 12:00:00 AM","195","650","36","3200","21","570","0","0","1280","70","10","45","12","0","3","0","0"
"352","    آٹا نمبر 1      نیو     ریشو","3/31/2015 12:00:00 AM","225","695","28","3200","42","560","0","0","1280","70","10","45","12.5","0","3","0","0"
"353","    آٹا نمبر 1      نیو     ریشو","4/2/2015 12:00:00 AM","225","660","28","3100","42","590","0","0","1185","70","10","47","12","0","3","0","0"
"354","آٹا نمبر 2      نیو     ریشو","4/2/2015 12:00:00 AM","195","640","36","3200","21","560","0","0","1250","70","10","47","12","0","3","0","0"
"355","آٹا نمبر2-1-1      نیو     ریشو","4/2/2015 12:00:00 AM","220","625","36","3100","31","590","0","0","1185","70","10","47","12","0","3","0","0"
"356","    آٹا نمبر 1      نیو     ریشو","4/15/2015 12:00:00 AM","225","650","28","3100","42","600","0","0","1160","70","11","45","12","0","3","0","0"
"357","آٹا نمبر 2      نیو     ریشو","4/15/2015 12:00:00 AM","195","630","36","3100","20","600","0","0","1160","70","12","45","12","0","3","0","0"
"358","آٹا نمبر2-1-1      نیو     ریشو","4/15/2015 12:00:00 AM","220","640","36","3100","31","600","0","0","1160","70","12","45","12","0","3","0","0"
"359","    آٹا نمبر 1      نیو     ریشو","4/19/2015 12:00:00 AM","225","650","28","3100","42","580","0","0","1160","70","12","45","12","0","3","0","0"
"360","    آٹا نمبر 1      نیو     ریشو","4/20/2015 12:00:00 AM","225","690","28","3100","42","650","0","0","1230","70","12","45","12","0","3","0","0"
"361","آٹا نمبر 2      نیو     ریشو","4/20/2015 12:00:00 AM","195","650","36","3100","20","650","0","0","1230","70","12","45","12","0","3","0","0"
"362","آٹا نمبر2-1-1      نیو     ریشو","4/20/2015 12:00:00 AM","220","670","36","3100","31","650","0","0","1230","70","12","45","12","0","3","0","0"
"363","    آٹا نمبر 1      نیو     ریشو","5/25/2015 12:00:00 AM","225","630","28","3200","42","690","0","0","1180","70","12","45","12","0","3","0","0"
"364","آٹا نمبر2-1-1      نیو     ریشو","5/25/2015 12:00:00 AM","220","600","36","3200","28","690","0","0","1190","70","12","45","12","0","3","0","0"
"365","آٹا نمبر 2      نیو     ریشو","5/26/2015 12:00:00 AM","195","585","36","3200","20","690","0","0","1180","75","12","45","12","0","0","0","0"
"366","آٹا نمبر 2      نیو     ریشو","6/6/2015 12:00:00 AM","195","570","36","3200","20","700","0","0","1180","60","12","45","12","0","3","0","0"
"367","آٹا نمبر2-1-1      نیو     ریش","6/6/2015 12:00:00 AM","220","580","36","3200","31","700","0","0","1180","60","12","45","12","0","3","0","0"
"368","    آٹا نمبر 1      نیو     ریشو","6/6/2015 12:00:00 AM","225","630","28","3175","42","690","0","0","1180","60","12","45","12","0","3","0","0"
"369","    آٹا نمبر 1      نیو     ریشو","6/15/2015 12:00:00 AM","225","635","28","3175","42","690","0","0","1200","60","12","45","12","0","3","0","0"
"370","    آٹا نمبر 1      نیو     ریشو","6/23/2015 12:00:00 AM","225","665","28","3200","42","660","0","0","1230","60","12","45","12","0","3","0","0"
"371","آٹا نمبر2-1-1      نیو     ریشو","6/23/2015 12:00:00 AM","220","640","36","3175","31","660","0","0","1235","70","12","45","12","0","3","0","0"
"372","آٹا نمبر 2      نیو     ریشو","6/23/2015 12:00:00 AM","195","620","36","3175","20","660","0","0","1235","70","12","45","12","0","3","0","0"
"373","    آٹا نمبر 1      نیو     ریشو","6/27/2015 12:00:00 AM","225","670","28","3300","41","640","0","0","1250","70","12","45","12","0","3","0","0"
"374","آٹا نمبر 2      نیو     ریشو","8/13/2015 12:00:00 AM","195","605","36","3350","20","650","0","0","1250","70","10","45","13","0","3","0","0"
"378","آٹا نمبر 2      نیو     ریشو","11/3/2015 12:00:00 AM","195","655","36","3500","21","650","0","0","1330","70","10","46","13","0","3","0","0"
"379","    آٹا نمبر 1      نیو     ریشو","11/3/2015 12:00:00 AM","225","725","28","3500","42","650","0","0","1330","70","10","46","13","0","3","0","0"
"380","آٹا نمبر2-1-1      نیو     ریشو","11/3/2015 12:00:00 AM","220","680","36","3500","31","650","0","0","1330","70","10","46","13","0","3","0","0"
"381","    آٹا نمبر 1      نیو     ریشو","12/9/2015 12:00:00 AM","225","730","28","3400","42","720","0","0","1330","70","10","45","13","0","3","0","0"
"382","    آٹا نمبر 1      نیو     ریشو","12/12/2015 12:00:00 AM","225","710","28","3400","42","740","0","0","1330","70","10","45","13","0","3","0","0"
"383","آٹا نمبر 2      نیو     ریشو","12/12/2015 12:00:00 AM","195","610","36","3000","21","680","0","0","1210","70","10","45","13","0","2.5","0","0"
"384","آٹا نمبر2-1-1      نیو     ریشو","12/12/2015 12:00:00 AM","220","691","36","3400","31","670","0","0","1330","70","10","45","12","0","3","0","0"
"385","    آٹا نمبر 1      نیو     ریشو","3/2/2016 12:00:00 AM","220","717","32","3350","39","650","0","0","1330","70","10","46","12","0","3","0","0"
"386","    آٹا نمبر 1      نیو     ریشو","3/8/2016 12:00:00 AM","225","730","28","3350","42","650","0","0","1330","70","10","45","12","0","3","0","0"
"387","آٹا نمبر2-1-1      نیو     ریشو","3/30/2016 12:00:00 AM","220","590","36","3000","31","750","0","0","1175","70","10","45","12","0","3","0","0"
"388","    آٹا نمبر 1      نیو     ریشو","4/19/2016 12:00:00 AM","175","640","22","3000","32","690","0","0","1160","70","10","45","12","0","3","0","0"
"389","    آٹا نمبر 1      نیو     ریشو","4/20/2016 12:00:00 AM","225","626","28","3050","42","780","0","0","1190","70","10","45","12","0","3","0","0"
"390","آٹا نمبر2-1-1      نیو     ریشو","4/20/2016 12:00:00 AM","220","610","28","3050","21","780","0","0","1190","70","10","45","12","0","3","0","0"
"391","آٹا نمبر 2      نیو     ریشو","4/20/2016 12:00:00 AM","200","560","32","2950","16","690","0","0","1160","70","10","45","12","0","3","0","0"
"392","آٹا نمبر 2      نیو     ریشو","4/26/2016 12:00:00 AM","195","590","36","3050","21","780","0","0","1190","70","10","45","12","0","3","0","0"
"393"," آٹا نمبر 2      نیو     ریشو +نمبر آٹا  1","5/26/2016 12:00:00 AM","175","590","30","3100","23","840","0","0","1190","70","10","45","12","0","3","70","650"
"394","     آٹا نمبر 2/1/1 نیو     ریشو +نمبر آٹا  1","5/26/2016 12:00:00 AM","0","0","0","0","0","0","0","0","0","0","0","0","0","0","0","0","0"
"395","     آٹا نمبر 1","5/31/2016 12:00:00 AM","225","618","28","3100","41","850","0","0","1200","70","8","45","12","0","3","0","0"
"396","  آٹا نمبر 2 نیو","6/5/2016 12:00:00 AM","175","600","30","3100","23","850","0","0","1205","70","8","45","12","0","3","80","660"
"397","     آٹا نمبر سپیشل نیو     ریشو +نمبر آٹا  1","6/6/2016 12:00:00 AM","180","625","26","3100","42","850","0","0","1205","70","8","45","12","0","3","45","660"
"398","     آٹا نمبر سپیشل نیو     ریشو +نمبر آٹا  2","6/6/2016 12:00:00 AM","170","600","30","3100","23","850","0","0","1205","70","8","45","12","0","3","70","650"
"399","     آٹا سپیشل نیو     ریشو +نمبر آٹا1/1/2","6/6/2016 12:00:00 AM","170","610","30","3100","33","850","0","0","1205","70","8","45","12","0","3","70","650"
"401","     آٹا سپیشل نیو     ریشو +نمبر آٹا1/1/2","6/8/2016 12:00:00 AM","160","624","30","3125","34","880","0","0","1240","70","8","45","12","0","3","90","655"
"402","     آٹا سپیشل نیو     ریشو +نمبر آٹا1","6/11/2016 12:00:00 AM","180","665","26","3125","42","880","0","0","1260","70","8","45","12","0","3","44","675"
"404","نمبر آٹا1","6/13/2016 12:00:00 AM","225","660","28","3125","41","850","0","0","1260","70","8","45","0","12","3","0","0"
"405","     آٹا نمبر 1","6/13/2016 12:00:00 AM","225","655","28","3225","41","780","0","0","1250","70","8","45","12","0","3","0","0"
"406","     آٹا سپیشل نیو     ریشو +نمبر آٹا1/1/2","6/21/2016 12:00:00 AM","180","650","30","3225","34","770","0","0","1270","70","8","45","12","0","3","80","675"
"407","     آٹا سپیشل نیو     ریشو","6/24/2016 12:00:00 AM","240","680","24","3225","42","760","0","0","1270","70","8","45","12","0","3","0","0"
"408","صوفی    آٹا نمبر 1      نیو     ریشو","6/26/2016 12:00:00 AM","225","642","28","3300","42","820","0","0","1250","70","8","47","13","0","3","0","0"
"409","فاروق ملز","6/28/2016 12:00:00 AM","170","675","20","3250","35","840","0","0","1275","70","10","46","13","0","3","0","0"
"410","آٹا نمبر 2      نیو     ریشو","7/12/2016 12:00:00 AM","195","610","36","3250","21","790","0","0","1250","70","10","48","13","0","3","0","0"
"411","آٹا نمبر2-1-1      نیو     ریشو","7/12/2016 12:00:00 AM","220","620","36","3250","31","790","0","0","1260","70","10","48","13","0","3","0","0"
"412","           آٹا نمبر 1      نیو     ریشو","7/16/2016 12:00:00 AM","225","650","28","3250","42","790","0","0","1250","70","10","47","13","0","3","0","0"
"413"," آفتاب           آٹا نمبر 1      نیو     ریشو","7/17/2016 12:00:00 AM","220","665","23","3250","44","790","0","0","1250","70","10","47","13","0","3","0","0"
"414","           آٹا نمبر 1      نیو     ریشو","8/3/2016 12:00:00 AM","225","650","28","3250","42","800","0","0","1250","70","10","48","13","0","3","0","0"
"415","           آٹا نمبر 1      نیو     ریشو","8/15/2016 12:00:00 AM","225","655","28","3250","42","790","0","0","1260","70","8","48","13","0","3","0","0"
"416"," آفتاب           آٹا نمبر 1      نیو     ریشو","8/15/2016 12:00:00 AM","220","665","23","3250","44","820","0","0","1260","70","8","48","13","0","3","0","0"
"417","آٹا نمبر2-1-1      نیو     ریشو","8/15/2016 12:00:00 AM","220","625","36","3250","31","800","0","0","1260","70","8","48","13","0","3","0","0"
"419","آٹا نمبر 2      نیو     ریشو","8/15/2016 12:00:00 AM","195","610","36","3250","21","800","0","0","1260","70","8","48","13","0","3","0","0"
"420"," آفتاب           آٹا نمبر 1      نیو     ریشو","8/24/2016 12:00:00 AM","220","673","23","3250","44","790","0","0","1265","70","8","47","13","0","3","0","0"
"421","آٹا نمبر 2      نیو     ریشو","8/28/2016 12:00:00 AM","195","622","36","3250","21","790","0","0","1270","70","8","48","13","0","3","0","0"
"422","           آٹا نمبر 1      نیو     ریشو","8/28/2016 12:00:00 AM","225","665","28","3250","42","790","0","0","1268","70","8","48","13","0","3","0","0"
"423"," آفتاب           آٹا نمبر 1      نیو     ریشو","9/3/2016 12:00:00 AM","220","690","23","3250","44","780","0","0","1280","70","8","48","13","0","3","0","0"
"424","آٹا نمبر 2      نیو     ریشو","9/3/2016 12:00:00 AM","195","640","36","3250","21","780","0","0","1280","70","8","48","13","0","3","0","0"
"425","آٹا نمبر2-1-1      نیو     ریشو","9/3/2016 12:00:00 AM","220","640","36","3250","31","780","0","0","1280","70","8","48","13","0","3","0","0"
"426"," آفتاب           آٹا نمبر 1      نیو     ریشو","9/4/2016 12:00:00 AM","220","700","23","3300","44","780","0","0","1280","70","10","48","13","0","3","0","0"
"427","آٹا نمبر2-1-1      نیو     ریشو","9/4/2016 12:00:00 AM","220","650","36","3300","31","800","0","0","1280","70","10","48","13","0","3","0","0"
"428","آٹا نمبر 2      نیو     ریشو","9/4/2016 12:00:00 AM","195","635","36","3300","21","780","0","0","1280","70","10","48","13","0","3","0","0"
"429"," آفتاب           آٹا نمبر 1      نیو     ریشو","9/6/2016 12:00:00 AM","220","685","23","3325","44","780","0","0","1285","70","10","48","13","0","3","0","0"
"430","آٹا نمبر2-1-1      نیو     ریشو","9/6/2016 12:00:00 AM","220","660","36","3325","31","780","0","0","1290","70","10","48","13","0","3","0","0"
"431","آٹا نمبر 2      نیو     ریشو","9/6/2016 12:00:00 AM","195","640","36","3300","21","780","0","0","1285","70","10","48","13","0","3","0","0"
"432","آٹا نمبر2-1-1      نیو     ریشو","9/8/2016 12:00:00 AM","220","670","36","3325","31","780","0","0","1300","70","10","48","13","0","3","0","0"
"433"," آفتاب           آٹا نمبر 1      نیو     ریشو","9/10/2016 12:00:00 AM","220","700","23","3325","44","800","0","0","1290","70","10","48","13","0","3","0","0"
"434"," آفتاب           آٹا نمبر 1      نیو     ریشو","9/17/2016 12:00:00 AM","220","700","23","3375","44","740","0","0","1295","70","10","48","13","0","3","0","0"
"435","آٹا نمبر2-1-1      نیو     ریشو","9/17/2016 12:00:00 AM","220","663","36","3350","31","740","0","0","1300","70","10","48","13","0","3","0","0"
"436","آٹا نمبر 2      نیو     ریشو","9/17/2016 12:00:00 AM","195","650","36","3425","21","690","0","0","1310","70","10","48","13","0","3","0","0"
"437","  صوفی آٹا نمبر 1      نیو     ریشو","9/19/2016 12:00:00 AM","225","696","28","3350","42","740","0","0","1300","70","10","48","13","0","3","0","0"
"438"," آفتاب           آٹا نمبر 1      نیو     ریشو","9/29/2016 12:00:00 AM","220","720","23","3425","44","680","0","0","1310","70","10","48","13","0","3","0","0"
"439","آٹا نمبر2-1-1      نیو     ریشو","9/29/2016 12:00:00 AM","220","665","36","3425","31","680","0","0","1310","70","10","48","13","0","3","0","0"
"440","صوفی آٹا نمبر 1      نیو     ریشو","9/29/2016 12:00:00 AM","225","710","28","3425","42","680","0","0","1310","70","10","48","13","0","3","0","0"
"441","صوفی آٹا نمبر 1      نیو     ریشو","9/29/2016 12:00:00 AM","225","690","28","3375","42","760","0","0","1305","70","10","48","13","0","3","0","0"
"442","آٹا نمبر 2      نیو     ریشو","9/29/2016 12:00:00 AM","195","650","36","3425","21","680","0","0","1310","70","10","48","13","0","3","0","0"
"443","آٹا نمبر 2      نیو     ریشو","10/9/2016 12:00:00 AM","195","660","36","3375","21","750","0","0","1315","70","10","48","13","0","3","0","0"
"444","آٹا نمبر2-1-1      نیو     ریشو","10/9/2016 12:00:00 AM","220","665","36","3375","33","780","0","0","1310","70","10","48","13","0","3","0","0"
"445","صوفی آٹا نمبر 1      نیو     ریشو","10/9/2016 12:00:00 AM","225","705","28","3350","40","750","0","0","1315","70","10","48","13","0","3","0","0"
"446"," آفتاب           آٹا نمبر 1      نیو     ریشو","10/9/2016 12:00:00 AM","220","708","23","3380","44","740","0","0","1310","70","10","48","13","0","3","0","0"
"447","صوفی آٹا نمبر 1      نیو     ریشو","1/2/2017 12:00:00 AM","225","698","28","3350","42","750","0","0","1310","70","10","48","13","0","3","0","0"
"448","آٹا نمبر 2      نیو     ریشو","1/3/2017 12:00:00 AM","195","655","36","3350","24","710","0","0","1315","70","10","48","12","0","4","0","0"
"449","آٹا نمبر2-1-1      نیو     ریشو","1/4/2017 12:00:00 AM","220","660","36","3350","32","710","0","0","1310","70","10","48","12","0","4","0","0"
"450","آٹا نمبر2-1-1      نیو     ریشو","1/18/2017 12:00:00 AM","220","665","36","3300","31","710","0","0","1305","70","10","48","12","0","4","0","0"
"451","آٹا نمبر 2      نیو     ریشو","1/18/2017 12:00:00 AM","195","645","36","3275","21","705","0","0","1285","70","10","48","12","0","3","0","0"
"452","صوفی آٹا نمبر 1      نیو     ریشو","1/18/2017 12:00:00 AM","225","690","28","3300","41","705","0","0","1285","70","10","48","12","0","3","0","0"
"453"," آفتاب           آٹا نمبر 1      نیو     ریشو","1/18/2017 12:00:00 AM","220","700","23","3275","44","690","0","0","1273","70","10","48","12","0","3","0","0"
"454","    آٹا نمبر 1      نیو     ریشو     افغانستان","3/6/2017 12:00:00 AM","220","690","32","3325","39","690","0","0","1310","70","10","48","12","0","4","0","0"
"455","آٹا نمبر 2      نیو     ریشو","3/27/2017 12:00:00 AM","195","630","36","3225","22","705","0","0","1270","70","10","50","12","0","3","0","0"
"456","صوفی آٹا نمبر 1      نیو     ریشو","3/27/2017 12:00:00 AM","225","670","28","3225","42","750","0","0","1240","70","10","50","12","0","2.5","0","0"
"457","آٹا نمبر2-1-1      نیو     ریشو","3/29/2017 12:00:00 AM","220","640","36","3225","31","720","0","0","1260","70","10","50","12","0","3","0","0"
"458","آٹا نمبر 2      نیو     ریشو","4/1/2017 12:00:00 AM","195","605","36","3225","22","750","0","0","1240","70","10","50","12","0","3","0","0"
"459"," آفتاب           آٹا نمبر 1      نیو     ریشو","4/4/2017 12:00:00 AM","220","665","23","3100","44","750","0","0","1215","70","10","50","12","0","2.5","0","0"
"460","صوفی آٹا نمبر 1      نیو     ریشو","4/4/2017 12:00:00 AM","225","650","28","3150","42","750","0","0","1220","70","10","50","13","0","2.5","0","0"
"461","آٹا نمبر2-1-1      نیو     ریشو","4/4/2017 12:00:00 AM","210","630","30","3150","24","750","0","0","1220","70","10","50","12","0","2.5","0","0"
"462","آٹا نمبر 2      نیو     ریشو","4/4/2017 12:00:00 AM","185","600","30","3050","15","750","0","0","1190","70","10","50","12","0","2.5","0","0"
"463"," آفتاب           آٹا نمبر 1      نیو     ریشو","4/9/2017 12:00:00 AM","260","670","15","3100","36","750","0","0","1210","70","10","50","12","0","2.5","0","0"
"464","صوفی آٹا نمبر 1      نیو     ریشو","4/9/2017 12:00:00 AM","260","650","16","3050","28","750","0","0","1190","70","10","50","12","0","2","0","0"
"465","آٹا نمبر2-1-1      نیو     ریشو","4/9/2017 12:00:00 AM","200","630","30","3100","25","750","0","0","1210","70","10","50","12","0","2.5","0","0"
"466","آٹا نمبر 2      نیو     ریشو","4/9/2017 12:00:00 AM","185","600","30","3100","15","750","0","0","1210","70","10","50","12","0","2.5","0","0"
"467"," آفتاب           آٹا نمبر 1      نیو     ریشو","4/13/2017 12:00:00 AM","260","660","15","3000","36","800","0","0","1150","70","10","50","12","0","2.5","0","0"
"468","آٹا نمبر 2      نیو     ریشو","4/13/2017 12:00:00 AM","185","600","30","3000","15","725","0","0","1190","70","10","50","12","0","2.5","0","0"
"469","آٹا نمبر2-1-1      نیو     ریشو","4/13/2017 12:00:00 AM","200","600","30","2950","25","790","0","0","1170","70","10","50","12","0","2.5","0","0"
"470","صوفی آٹا نمبر 1      نیو     ریشو","4/13/2017 12:00:00 AM","260","620","16","3000","28","800","0","0","1150","70","10","50","12","0","2.5","0","0"
"471","آٹا نمبر 2      نیو     ریشو","4/22/2017 12:00:00 AM","195","590","36","3050","22","750","0","0","1190","70","8","50","12","0","2.5","0","0"
"472","آٹا نمبر 2      نیو     ریشو","4/22/2017 12:00:00 AM","195","575","30","3000","15","780","0","0","1170","70","8","50","12","0","3","0","0"
"473"," آفتاب           آٹا نمبر 1      نیو     ریشو","5/15/2017 12:00:00 AM","225","640","23","3000","44","800","0","0","1150","70","10","50","12","0","0","0","0"
"474","صوفی آٹا نمبر 1      نیو     ریشو","5/15/2017 12:00:00 AM","225","620","28","3000","42","800","0","0","1150","70","10","50","12","0","3","0","0"
"475"," آفتاب           آٹا نمبر 1      نیو     ریشو","5/15/2017 12:00:00 AM","255","640","15","3000","36","800","0","0","1150","70","10","50","12","0","0","0","0"
"476","صوفی آٹا نمبر 1      نیو     ریشو","5/15/2017 12:00:00 AM","255","620","16","3000","28","800","0","0","1150","70","10","50","12","0","2.5","0","0"
"477","آٹا نمبر2-1-1      نیو     ریشو","5/16/2017 12:00:00 AM","200","580","36","3050","32","850","0","0","1170","70","10","50","12","0","3","0","0"
"478","آٹا نمبر 2      نیو     ریشو","5/16/2017 12:00:00 AM","195","570","36","3000","22","800","0","0","1150","70","10","50","12","0","0","0","0"
"479","آٹا نمبر2-1-1      نیو     ریشو","5/16/2017 12:00:00 AM","200","580","30","3000","25","840","0","0","1150","70","10","50","12","0","3","0","0"
"480","آٹا نمبر 2      نیو     ریشو","5/16/2017 12:00:00 AM","195","555","36","3050","22","900","0","0","1165","70","10","50","12","0","3","0","0"
"481","صوفی آٹا نمبر 1      نیو     ریشو","5/18/2017 12:00:00 AM","225","625","28","3050","42","840","0","0","1170","70","10","50","12","0","3","0","0"
"482"," آفتاب           آٹا نمبر 1      نیو     ریشو","5/27/2017 12:00:00 AM","220","635","23","3050","44","900","0","0","1170","70","10","60","12","0","2.5","0","0"
"483","صوفی آٹا نمبر 1      نیو     ریشو","6/8/2017 12:00:00 AM","225","620","28","3125","42","800","0","0","1175","70","10","60","12","0","3","0","0"
"484","آٹا نمبر2-1-1      نیو     ریشو","7/1/2017 12:00:00 AM","200","590","36","3125","32","800","0","0","1190","70","10","60","12","0","3","0","0"
"485","آٹا نمبر 2      نیو     ریشو","7/1/2017 12:00:00 AM","195","565","36","3125","22","800","0","0","1180","70","10","60","12","0","3","0","0"
"486"," آفتاب           آٹا نمبر 1      نیو     ریشو","7/1/2017 12:00:00 AM","220","635","23","3125","44","800","0","0","1190","70","10","60","12","0","3.5","0","0"
"487","صوفی آٹا نمبر 1      نیو     ریشو","7/10/2017 12:00:00 AM","225","574","28","3100","42","690","0","0","1110","70","10","60","12","0","3","0","0"
"488","آٹا نمبر 2      نیو     ریشو","7/10/2017 12:00:00 AM","195","535","36","3100","22","680","0","0","1120","70","10","60","12","0","3","0","0"
"489","آٹا نمبر2-1-1      نیو     ریشو","7/10/2017 12:00:00 AM","220","547","36","3100","32","660","0","0","1120","70","10","60","12","0","3","0","0"
"490"," آفتاب           آٹا نمبر 1      نیو     ریشو","7/10/2017 12:00:00 AM","220","610","23","3100","44","700","0","0","1110","70","10","60","12","0","3","0","0"
"491"," آفتاب           آٹا نمبر 1      نیو     ریشو","8/8/2017 12:00:00 AM","220","610","23","3000","44","750","0","0","1120","70","10","60","12","0","3","0","0"
"492","صوفی آٹا نمبر 1      نیو     ریشو","8/8/2017 12:00:00 AM","225","580","28","3000","42","760","0","0","1110","70","10","60","12","0","3","0","0"
"493","آٹا نمبر2-1-1      نیو     ریشو","8/8/2017 12:00:00 AM","220","560","36","3050","32","750","0","0","1120","70","10","60","12","0","3","0","0"
"494","آٹا نمبر 2      نیو     ریشو","8/8/2017 12:00:00 AM","195","540","36","3000","22","750","0","0","1120","70","10","60","12","0","3","0","0"
"495"," آفتاب           آٹا نمبر 1      نیو     ریشو","8/16/2017 12:00:00 AM","220","640","23","3050","44","700","0","0","1160","70","10","60","12","0","3","0","0"
"496","آٹا نمبر2-1-1      نیو     ریشو","8/16/2017 12:00:00 AM","220","590","36","3050","32","690","0","0","1160","70","10","60","12","0","3","0","0"
"497","آٹا نمبر 2      نیو     ریشو","8/16/2017 12:00:00 AM","195","570","36","3050","22","700","0","0","1150","70","10","60","12","0","3","0","0"
"498","صوفی آٹا نمبر 1      نیو     ریشو","8/16/2017 12:00:00 AM","225","615","28","3050","42","690","0","0","1160","70","10","60","12","0","3","0","0"
"499","آٹا نمبر 2      نیو     ریشو","8/26/2017 12:00:00 AM","195","580","36","3100","22","650","0","0","1170","70","10","60","12","0","3","0","0"
"500","آٹا نمبر2-1-1      نیو     ریشو","8/26/2017 12:00:00 AM","220","600","36","3100","32","650","0","0","1170","70","10","60","12","0","3","0","0"
"501","صوفی آٹا نمبر 1      نیو     ریشو","8/26/2017 12:00:00 AM","225","625","28","3100","42","650","0","0","1170","70","10","60","12","0","3","0","0"
"502"," آفتاب           آٹا نمبر 1      نیو     ریشو","8/26/2017 12:00:00 AM","220","645","23","3075","44","650","0","0","1170","70","10","60","12","0","3","0","0"
"503"," آفتاب           آٹا نمبر 1      نیو     ریشو","9/5/2017 12:00:00 AM","220","670","23","3175","44","670","0","0","1190","70","10","60","12","0","3","0","0"
"504","صوفی آٹا نمبر 1      نیو     ریشو","9/5/2017 12:00:00 AM","225","630","28","3175","42","670","0","0","1175","70","10","60","12","0","3","0","0"
"505","آٹا نمبر2-1-1      نیو     ریشو","9/5/2017 12:00:00 AM","220","592","36","3175","32","670","0","0","1175","70","10","60","12","0","3","0","0"
"506","آٹا نمبر 2      نیو     ریشو","9/5/2017 12:00:00 AM","195","570","36","3150","22","670","0","0","1175","70","10","60","12","0","3","0","0"
"507"," آفتاب           آٹا نمبر 1      نیو     ریشو","9/11/2017 12:00:00 AM","220","670","23","3200","44","670","0","0","1210","70","10","60","12","0","3","0","0"
"508","صوفی آٹا نمبر 1      نیو     ریشو","9/11/2017 12:00:00 AM","225","665","28","3200","42","670","0","0","1210","70","10","60","12","0","3","0","0"
"509","آٹا نمبر2-1-1      نیو     ریشو","9/11/2017 12:00:00 AM","220","640","36","3200","32","670","0","0","1210","70","10","60","12","0","3","0","0"
"510","آٹا نمبر 2      نیو     ریشو","9/11/2017 12:00:00 AM","195","610","36","3200","22","670","0","0","1210","70","10","60","12","0","3","0","0"
"511"," آفتاب           آٹا نمبر 1      نیو     ریشو","9/17/2017 12:00:00 AM","220","670","23","3275","44","650","0","0","1230","70","10","60","12","0","3","0","0"
"512","صوفی آٹا نمبر 1      نیو     ریشو","9/17/2017 12:00:00 AM","225","670","28","3275","42","650","0","0","1230","70","10","60","12","0","3","0","0"
"513","آٹا نمبر2-1-1      نیو     ریشو","9/17/2017 12:00:00 AM","220","630","36","3275","32","650","0","0","1230","70","10","60","12","0","3","0","0"
"514","آٹا نمبر 2      نیو     ریشو","9/17/2017 12:00:00 AM","195","605","36","3275","22","650","0","0","1235","70","10","60","12","0","3","0","0"
"515"," آفتاب           آٹا نمبر 1      نیو     ریشو","9/23/2017 12:00:00 AM","220","665","23","3275","44","650","0","0","1215","70","10","60","12","0","3","0","0"
"516","صوفی آٹا نمبر 1      نیو     ریشو","9/23/2017 12:00:00 AM","225","655","28","3275","42","650","0","0","1215","70","10","60","12","0","3","0","0"
"517","آٹا نمبر2-1-1      نیو     ریشو","9/23/2017 12:00:00 AM","220","620","36","3275","32","650","0","0","1220","70","10","60","12","0","3","0","0"
"518","آٹا نمبر 2      نیو     ریشو","9/23/2017 12:00:00 AM","195","595","36","3275","22","650","0","0","1220","70","10","60","12","0","3","0","0"
"519"," آفتاب           آٹا نمبر 1      نیو     ریشو","10/25/2017 12:00:00 AM","220","700","23","3300","44","730","0","0","1260","70","10","60","12","0","3","0","0"
"520","صوفی آٹا نمبر 1      نیو     ریشو","10/25/2017 12:00:00 AM","225","690","28","3300","42","730","0","0","1260","70","10","60","12","0","3","0","0"
"521","آٹا نمبر2-1-1      نیو     ریشو","10/25/2017 12:00:00 AM","220","650","36","3300","32","730","0","0","1260","70","10","60","12","0","3","0","0"
"522","آٹا نمبر 2      نیو     ریشو","10/25/2017 12:00:00 AM","195","630","36","3300","22","730","0","0","1260","70","10","60","12","0","3","0","0"
"523"," آفتاب           آٹا نمبر 1      نیو     ریشو","11/4/2017 12:00:00 AM","220","700","23","3300","44","740","0","0","1260","70","10","60","12","0","3","0","0"
"524","صوفی آٹا نمبر 1      نیو     ریشو","11/4/2017 12:00:00 AM","225","680","28","3300","42","740","0","0","1260","70","10","60","12","0","3","0","0"
"525","آٹا نمبر2-1-1      نیو     ریشو","11/4/2017 12:00:00 AM","220","660","36","3275","32","740","0","0","1260","70","10","60","12","0","3","0","0"
"526","آٹا نمبر 2      نیو     ریشو","11/4/2017 12:00:00 AM","195","630","36","3275","22","740","0","0","1260","70","10","60","12","0","3","0","0"
"527"," آفتاب           آٹا نمبر 1      نیو     ریشو","11/7/2017 12:00:00 AM","220","730","23","3300","44","800","0","0","1300","70","10","60","12","0","3","0","0"
"528","صوفی آٹا نمبر 1      نیو     ریشو","11/7/2017 12:00:00 AM","225","700","28","3300","42","800","0","0","1300","70","10","60","12","0","3","0","0"
"529","آٹا نمبر2-1-1      نیو     ریشو","11/7/2017 12:00:00 AM","220","675","36","3300","32","800","0","0","1300","70","10","60","12","0","3","0","0"
"530","آٹا نمبر 2      نیو     ریشو","11/7/2017 12:00:00 AM","195","670","36","3300","22","800","0","0","1300","70","10","60","12","0","3","0","0"
"531"," آفتاب           آٹا نمبر 1      نیو     ریشو","11/15/2017 12:00:00 AM","220","710","23","3325","44","790","0","0","1315","70","10","60","12","0","3","0","0"
"532","صوفی آٹا نمبر 1      نیو     ریشو","11/15/2017 12:00:00 AM","225","705","28","3350","42","810","0","0","1320","70","10","60","12","0","3","0","0"
"533","آٹا نمبر2-1-1      نیو     ریشو","11/15/2017 12:00:00 AM","220","670","36","3350","32","840","0","0","1320","70","10","60","12","0","3","0","0"
"534","آٹا نمبر 2      نیو     ریشو","11/15/2017 12:00:00 AM","180","670","30","3325","20","780","0","0","1327","70","10","60","12","0","3","0","0"
"535"," آفتاب           آٹا نمبر 1      نیو     ریشو","12/13/2017 12:00:00 AM","220","695","23","3200","44","750","0","0","1260","70","10","60","12","0","3","0","0"
"536","صوفی آٹا نمبر 1      نیو     ریشو","12/13/2017 12:00:00 AM","275","690","16","3225","28","750","0","0","1280","70","10","60","12","0","3","0","0"
"537","آٹا نمبر2-1-1      نیو     ریشو","12/13/2017 12:00:00 AM","180","655","30","3225","20","750","0","0","1280","70","10","60","12","0","3","0","0"
"538","آٹا نمبر 2      نیو     ریشو","12/13/2017 12:00:00 AM","180","640","30","3225","15","750","0","0","1280","70","10","60","12","0","3","0","0"
"539","آٹا نمبر 2      نیو     ریشو","12/25/2017 12:00:00 AM","180","635","30","3200","15","750","0","0","1255","70","10","60","12","0","2.5","0","0"
"540","صوفی آٹا نمبر 1      نیو     ریشو","12/30/2017 12:00:00 AM","275","700","16","3325","28","750","0","0","1315","70","10","60","12","0","3","0","0"
"541","آٹا نمبر2-1-1      نیو     ریشو","1/3/2018 12:00:00 AM","180","655","30","3225","20","740","0","0","1280","70","10","60","12","0","3","0","0"
"543","     نیو     ریشو","1/29/2018 12:00:00 AM","75","700","65","3200","45","790","0","0","1310","70","10","60","12","0","3","0","0"
"544"," آفتاب           آٹا نمبر 1      نیو     ریشو","3/28/2018 12:00:00 AM","220","685","23","3175","44","730","0","0","1240","70","10","60","12","0","3","0","0"
"545","صوفی آٹا نمبر 1      نیو     ریشو","3/28/2018 12:00:00 AM","275","665","16","3175","28","730","0","0","1240","70","10","60","12","0","3","0","0"
"546","آٹا نمبر2-1-1      نیو     ریشو","3/28/2018 12:00:00 AM","180","625","30","3175","20","730","0","0","1240","70","10","60","12","0","3","0","0"
"547","آٹا نمبر 2      نیو     ریشو","3/28/2018 12:00:00 AM","180","620","30","3175","15","730","0","0","1240","70","10","60","12","0","3","0","0"
"548"," آفتاب           آٹا نمبر 1      نیو     ریشو","4/1/2018 12:00:00 AM","220","640","23","3050","44","770","0","0","1185","70","10","60","12","0","2.5","0","0"
"549","صوفی آٹا نمبر 1      نیو     ریشو","4/1/2018 12:00:00 AM","275","610","16","3050","28","770","0","0","1150","70","10","60","12","0","2.5","0","0"
"550","آٹا نمبر2-1-1      نیو     ریشو","4/1/2018 12:00:00 AM","200","610","30","3100","20","760","0","0","1200","70","10","60","12","0","2.5","0","0"
"551","آٹا نمبر 2      نیو     ریشو","4/1/2018 12:00:00 AM","180","605","30","3100","15","790","0","0","1210","70","10","60","12","0","2.5","0","0"
"552"," آفتاب           آٹا نمبر 1      نیو     ریشو","4/1/2018 12:00:00 AM","220","620","23","3000","44","750","0","0","1150","70","10","60","12","0","3","0","0"
"553","صوفی آٹا نمبر 1      نیو     ریشو","4/17/2018 12:00:00 AM","225","600","28","3000","42","750","0","0","1130","70","10","60","12","0","3","0","0"
"554","آٹا نمبر2-1-1      نیو     ریشو","4/17/2018 12:00:00 AM","200","575","30","3000","20","750","0","0","1130","70","10","60","12","0","2.5","0","0"
"555","آٹا نمبر 2      نیو     ریشو","4/17/2018 12:00:00 AM","180","560","30","3000","15","750","0","0","1150","70","10","60","12","0","3","0","0"
"556"," آفتاب           آٹا نمبر 1      نیو     ریشو","5/3/2018 12:00:00 AM","220","620","23","2950","44","780","0","0","1130","70","10","60","12","0","3","0","0"
"557","صوفی آٹا نمبر 1      نیو     ریشو","5/3/2018 12:00:00 AM","225","590","28","2950","42","780","0","0","1130","70","10","60","12","0","3","0","0"
"558","آٹا نمبر2-1-1      نیو     ریشو","5/3/2018 12:00:00 AM","200","575","30","2950","20","780","0","0","1130","70","10","60","12","0","3","0","0"
"559","آٹا نمبر 2      نیو     ریشو","5/3/2018 12:00:00 AM","180","565","30","2950","15","780","0","0","1130","70","10","60","12","0","3","0","0"
"560"," آفتاب           آٹا نمبر 1      نیو     ریشو","5/12/2018 12:00:00 AM","220","630","23","2950","44","840","0","0","1170","70","10","60","12","0","3","0","0"
"561","صوفی آٹا نمبر 1      نیو     ریشو","5/12/2018 12:00:00 AM","225","630","28","2950","42","840","0","0","1170","70","10","60","12","0","3","0","0"
"562","آٹا نمبر2-1-1      نیو     ریشو","5/12/2018 12:00:00 AM","200","600","30","3000","20","840","0","0","1170","70","10","60","12","0","3","0","0"
"563","آٹا نمبر 2      نیو     ریشو","5/12/2018 12:00:00 AM","180","585","30","2950","15","840","0","0","1170","70","10","60","12","0","3","0","0"
"564"," آفتاب           آٹا نمبر 1      نیو     ریشو","5/22/2018 12:00:00 AM","220","655","23","3050","44","890","0","0","1225","70","10","60","12","0","3","0","0"
"565","صوفی آٹا نمبر 1      نیو     ریشو","5/22/2018 12:00:00 AM","225","670","28","3150","42","900","0","0","1265","70","10","60","12","0","3","0","0"
"566","آٹا نمبر2-1-1      نیو     ریشو","5/22/2018 12:00:00 AM","200","630","30","3050","20","890","0","0","1225","70","10","60","12","0","3","0","0"
"567","آٹا نمبر 2      نیو     ریشو","5/22/2018 12:00:00 AM","180","650","30","3150","15","900","0","0","1265","70","10","60","12","0","3","0","0"
"568"," آفتاب           آٹا نمبر 1      نیو     ریشو","6/11/2018 12:00:00 AM","220","700","23","3250","44","890","0","0","1280","70","10","60","12","0","3","0","0"
"569","صوفی آٹا نمبر 1      نیو     ریشو","6/11/2018 12:00:00 AM","225","680","28","3250","42","890","0","0","1280","70","10","60","12","0","3","0","0"
"570","آٹا نمبر2-1-1      نیو     ریشو","6/11/2018 12:00:00 AM","200","660","30","3250","20","890","0","0","1280","70","10","60","12","0","3","0","0"
"571","آٹا نمبر 2      نیو     ریشو","6/11/2018 12:00:00 AM","180","650","30","3250","15","890","0","0","1280","70","10","60","12","0","3","0","0"
"572"," آفتاب           آٹا نمبر 1      نیو     ریشو","6/20/2018 12:00:00 AM","220","715","23","3275","44","880","0","0","1300","70","10","60","12","0","3","0","0"
"573","صوفی آٹا نمبر 1      نیو     ریشو","6/20/2018 12:00:00 AM","225","700","28","3275","42","880","0","0","1300","70","10","60","12","0","3","0","0"
"574","آٹا نمبر2-1-1      نیو     ریشو","6/20/2018 12:00:00 AM","200","675","30","3275","20","880","0","0","1300","70","10","60","12","0","3","0","0"
"575","آٹا نمبر 2      نیو     ریشو","6/20/2018 12:00:00 AM","180","660","30","3275","15","880","0","0","1300","70","10","60","12","0","3","0","0"
"576"," آفتاب           آٹا نمبر 1      نیو     ریشو","6/23/2018 12:00:00 AM","220","710","23","3275","44","860","0","0","1320","70","10","60","12","0","3","0","0"
"577","صوفی آٹا نمبر 1      نیو     ریشو","6/23/2018 12:00:00 AM","225","720","28","3275","42","860","0","0","1320","70","10","60","12","0","3","0","0"
"578","آٹا نمبر2-1-1      نیو     ریشو","6/23/2018 12:00:00 AM","200","690","30","3275","20","860","0","0","1320","70","10","60","12","0","3","0","0"
"579","آٹا نمبر 2      نیو     ریشو","6/23/2018 12:00:00 AM","180","680","30","3275","15","860","0","0","1320","70","10","60","12","0","3","0","0"
"580"," آفتاب           آٹا نمبر 1      نیو     ریشو","6/25/2018 12:00:00 AM","220","710","23","3275","44","850","0","0","1310","70","10","60","12","0","3","0","0"
"581","صوفی آٹا نمبر 1      نیو     ریشو","6/25/2018 12:00:00 AM","225","670","28","3300","42","880","0","0","1285","70","10","60","12","0","3","0","0"
"582","آٹا نمبر2-1-1      نیو     ریشو","6/25/2018 12:00:00 AM","200","640","30","3250","20","850","0","0","1275","70","10","60","12","0","3","0","0"
"583","آٹا نمبر 2      نیو     ریشو","6/25/2018 12:00:00 AM","180","665","30","3275","15","850","0","0","1310","70","10","60","12","0","3","0","0"
"584"," آفتاب           آٹا نمبر 1      نیو     ریشو","7/28/2018 12:00:00 AM","220","690","23","3275","44","820","0","0","1270","70","10","60","12","0","3","0","0"
"585","صوفی آٹا نمبر 1      نیو     ریشو","7/28/2018 12:00:00 AM","225","680","28","3275","42","820","0","0","1270","70","10","60","12","0","3","0","0"
"586","آٹا نمبر2-1-1      نیو     ریشو","7/28/2018 12:00:00 AM","200","640","30","3275","20","820","0","0","1270","70","10","60","12","0","3","0","0"
"587","آٹا نمبر 2      نیو     ریشو","7/28/2018 12:00:00 AM","180","635","30","3275","15","820","0","0","1270","70","10","60","12","0","3","0","0"
"588"," آفتاب           آٹا نمبر 1      نیو     ریشو","7/31/2018 12:00:00 AM","220","700","23","3275","44","820","0","0","1290","70","10","60","12","0","3","0","0"
"589","صوفی آٹا نمبر 1      نیو     ریشو","7/31/2018 12:00:00 AM","225","695","28","3275","42","840","0","0","1290","70","10","60","12","0","3","0","0"
"590","آٹا نمبر2-1-1      نیو     ریشو","7/31/2018 12:00:00 AM","200","660","30","3275","20","800","0","0","1285","70","10","60","12","0","3","0","0"
"591","آٹا نمبر 2      نیو     ریشو","7/31/2018 12:00:00 AM","180","660","30","3275","15","820","0","0","1290","70","10","60","12","0","3","0","0"
"592"," آفتاب           آٹا نمبر 1      نیو     ریشو","8/30/2018 12:00:00 AM","220","700","23","3300","44","800","0","0","1295","70","10","60","12","0","3","0","0"
"593","صوفی آٹا نمبر 1      نیو     ریشو","8/30/2018 12:00:00 AM","225","690","28","3300","42","800","0","0","1290","70","10","60","12","0","3","0","0"
"594","آٹا نمبر2-1-1      نیو     ریشو","8/30/2018 12:00:00 AM","200","655","30","3300","21","800","0","0","1290","70","10","60","12","0","3","0","0"
"595","آٹا نمبر 2      نیو     ریشو","8/30/2018 12:00:00 AM","180","650","30","3300","15","800","0","0","1290","70","10","60","12","0","3","0","0"
"596"," آفتاب           آٹا نمبر 1      نیو     ریشو","9/4/2018 12:00:00 AM","220","700","23","3300","44","770","0","0","1295","70","10","60","12","0","3","0","0"
"597","صوفی آٹا نمبر 1      نیو     ریشو","9/4/2018 12:00:00 AM","225","700","28","3300","42","770","0","0","1295","70","10","60","12","0","3","0","0"
"598","آٹا نمبر2-1-1      نیو     ریشو","9/4/2018 12:00:00 AM","200","670","30","3300","22","770","0","0","1295","70","10","60","12","0","3","0","0"
"599","آٹا نمبر 2      نیو     ریشو","9/4/2018 12:00:00 AM","180","660","30","3300","15","770","0","0","1295","70","10","60","12","0","3","0","0"
"600"," آفتاب           آٹا نمبر 1      نیو     ریشو","9/11/2018 12:00:00 AM","220","710","23","3350","44","770","0","0","1300","70","10","60","12","0","3","0","0"
"601","صوفی آٹا نمبر 1      نیو     ریشو","9/11/2018 12:00:00 AM","225","700","28","3350","42","790","0","0","1295","70","10","60","12","0","3","0","0"
"602","آٹا نمبر2-1-1      نیو     ریشو","9/11/2018 12:00:00 AM","200","670","30","3350","22","730","0","0","1295","70","10","60","12","0","3","0","0"
"603","آٹا نمبر 2      نیو     ریشو","9/11/2018 12:00:00 AM","180","660","30","3350","15","730","0","0","1295","70","10","60","12","0","3","0","0"
"604"," آفتاب           آٹا نمبر 1      نیو     ریشو","9/24/2018 12:00:00 AM","220","710","23","3375","44","790","0","0","1300","70","10","60","12","0","3","0","0"
"605","صوفی آٹا نمبر 1      نیو     ریشو","9/24/2018 12:00:00 AM","225","710","28","3375","42","770","0","0","1310","70","12","60","12","0","3","0","0"
"606","آٹا نمبر2-1-1      نیو     ریشو","9/24/2018 12:00:00 AM","200","670","30","3375","22","790","0","0","1300","70","10","60","12","0","3","0","0"
"607","آٹا نمبر 2      نیو     ریشو","9/24/2018 12:00:00 AM","180","650","30","3375","15","790","0","0","1300","70","10","60","12","0","3","0","0"
"608"," آفتاب           آٹا نمبر 1      نیو     ریشو","10/1/2018 12:00:00 AM","220","725","23","3360","44","760","0","0","1300","72","12","60","12","0","3","0","0"
"609","صوفی آٹا نمبر 1      نیو     ریشو","10/1/2018 12:00:00 AM","225","715","28","3360","42","760","0","0","1300","72","12","60","12","0","3","0","0"
"610","آٹا نمبر2-1-1      نیو     ریشو","10/1/2018 12:00:00 AM","200","685","30","3360","22","760","0","0","1300","72","12","60","12","0","3","0","0"
"611","آٹا نمبر 2      نیو     ریشو","10/1/2018 12:00:00 AM","180","670","30","3360","15","760","0","0","1300","72","12","60","12","0","3","0","0"
"612"," آفتاب           آٹا نمبر 1      نیو     ریشو","10/3/2018 12:00:00 AM","223","720","23","3400","44","780","0","0","1310","75","12","60","12","0","3","0","0"
"613","صوفی آٹا نمبر 1      نیو     ریشو","10/3/2018 12:00:00 AM","225","725","28","3360","42","750","0","0","1310","75","12","60","12","0","3","0","0"
"614","آٹا نمبر2-1-1      نیو     ریشو","10/3/2018 12:00:00 AM","200","690","30","3360","22","750","0","0","1310","75","12","60","12","0","3","0","0"
"615","آٹا نمبر 2      نیو     ریشو","10/3/2018 12:00:00 AM","180","675","30","3360","15","750","0","0","1310","75","12","60","12","0","3","0","0"
"616"," آفتاب           آٹا نمبر 1      نیو     ریشو","10/24/2018 12:00:00 AM","220","725","23","3375","44","790","0","0","1315","75","12","60","12","0","3","0","0"
"618","صوفی آٹا نمبر 1      نیو     ریشو","10/24/2018 12:00:00 AM","225","710","28","3375","42","790","0","0","1315","75","12","60","12","0","3","0","0"
"619","آٹا نمبر2-1-1      نیو     ریشو","10/24/2018 12:00:00 AM","200","685","30","3375","20","790","0","0","1315","75","12","60","12","0","3","0","0"
"620","آٹا نمبر 2      نیو     ریشو","10/24/2018 12:00:00 AM","180","680","30","3375","15","790","0","0","1315","75","12","60","12","0","3","0","0"
"621"," آفتاب           آٹا نمبر 1      نیو     ریشو","10/31/2018 12:00:00 AM","220","720","23","3350","44","860","0","0","1315","75","12","60","12","0","3","0","0"
"622","صوفی آٹا نمبر 1      نیو     ریشو","10/31/2018 12:00:00 AM","225","710","28","3350","42","860","0","0","1315","75","19","60","12","0","3","0","0"
"623","آٹا نمبر2-1-1      نیو     ریشو","10/31/2018 12:00:00 AM","200","685","30","3300","20","890","0","0","1315","75","12","60","12","0","3","0","0"
"624","آٹا نمبر 2      نیو     ریشو","10/31/2018 12:00:00 AM","180","680","30","3350","15","800","0","0","1315","75","12","60","12","0","3","0","0"
"625"," آفتاب           آٹا نمبر 1      نیو     ریشو","11/22/2018 12:00:00 AM","220","723","23","3325","44","810","0","0","1310","75","12","60","0","12","3","0","0"
"626","صوفی آٹا نمبر 1      نیو     ریشو","11/22/2018 12:00:00 AM","225","710","28","3300","44","880","0","0","1315","75","12","60","12","0","3","0","0"
"627","آٹا نمبر2-1-1      نیو     ریشو","11/22/2018 12:00:00 AM","200","675","30","3300","20","880","0","0","1315","75","12","60","12","0","3","0","0"
"628","آٹا نمبر 2      نیو     ریشو","11/22/2018 12:00:00 AM","180","670","30","3300","15","880","0","0","1315","75","12","60","12","0","3","0","0"
"629"," آفتاب           آٹا نمبر 1      نیو     ریشو","2/9/2019 12:00:00 AM","220","720","23","3325","44","820","0","0","1310","75","12","60","12","0","3","0","0"
"630","صوفی آٹا نمبر 1      نیو     ریشو","2/9/2019 12:00:00 AM","250","715","16","3325","28","820","0","0","1310","75","12","60","12","0","3","0","0"
"631","آٹا نمبر2-1-1      نیو     ریشو","2/9/2019 12:00:00 AM","200","685","30","3250","20","770","0","0","1310","75","12","60","12","0","3","0","0"
"632","آٹا نمبر 2      نیو     ریشو","2/9/2019 12:00:00 AM","180","670","30","3325","15","800","0","0","1310","75","12","60","12","0","3","0","0"
"633"," آفتاب           آٹا نمبر 1      نیو     ریشو","3/20/2019 12:00:00 AM","220","715","23","3275","44","770","0","0","1290","75","12","60","12","0","3","0","0"
"634","صوفی آٹا نمبر 1      نیو     ریشو","3/20/2019 12:00:00 AM","225","710","28","3300","43","770","0","0","1305","75","12","60","12","0","3","0","0"
"635","آٹا نمبر2-1-1      نیو     ریشو","3/20/2019 12:00:00 AM","200","670","30","3300","21","770","0","0","1305","75","12","60","12","0","3","0","0"
"636","آٹا نمبر 2      نیو     ریشو","3/20/2019 12:00:00 AM","180","660","30","3300","16","770","0","0","1305","75","12","60","12","0","3","0","0"
"637"," آفتاب           آٹا نمبر 1      نیو     ریشو","4/2/2019 12:00:00 AM","220","710","23","3250","44","800","0","0","1280","75","12","60","12","0","3","0","0"
"638","صوفی آٹا نمبر 1      نیو     ریشو","4/2/2019 12:00:00 AM","225","690","28","3200","43","800","0","0","1270","75","12","60","12","0","3","0","0"
"639","آٹا نمبر2-1-1      نیو     ریشو","4/2/2019 12:00:00 AM","200","660","30","3250","23","800","0","0","1280","75","12","60","12","0","3","0","0"
"640","آٹا نمبر 2      نیو     ریشو","4/2/2019 12:00:00 AM","180","645","30","3200","17","800","0","0","1270","75","12","60","12","0","3","0","0"
"641"," آفتاب           آٹا نمبر 1      نیو     ریشو","4/10/2019 12:00:00 AM","220","700","23","3175","44","810","0","0","1265","75","12","60","12","0","3","0","0"
"642","صوفی آٹا نمبر 1      نیو     ریشو","4/10/2019 12:00:00 AM","225","680","28","3175","43","810","0","0","1265","75","12","60","12","0","3","0","0"
"643","آٹا نمبر2-1-1      نیو     ریشو","4/10/2019 12:00:00 AM","200","655","30","3175","23","810","0","0","1265","75","12","60","12","0","3","0","0"
"644","آٹا نمبر2-1-1      نیو     ریشو","4/10/2019 12:00:00 AM","180","640","30","3175","17","810","0","0","1265","75","12","60","12","0","3","0","0"
"645"," آفتاب           آٹا نمبر 1      نیو     ریشو","4/14/2019 12:00:00 AM","220","690","23","3150","44","800","0","0","1250","75","12","60","12","0","3","0","0"
"646","صوفی آٹا نمبر 1      نیو     ریشو","4/14/2019 12:00:00 AM","225","675","28","3150","43","800","0","0","1250","75","12","60","12","0","3","0","0"
"647","آٹا نمبر2-1-1      نیو     ریشو","4/14/2019 12:00:00 AM","200","645","30","3150","23","760","0","0","1255","75","12","60","12","0","3","0","0"
"648","آٹا نمبر 2      نیو     ریشو","4/14/2019 12:00:00 AM","180","635","30","3150","17","800","0","0","1250","75","12","60","12","0","3","0","0"
"649"," آفتاب           آٹا نمبر 1      نیو     ریشو","4/27/2019 12:00:00 AM","220","685","23","3050","44","760","0","0","1225","75","12","60","12","0","3","0","0"
"650","صوفی آٹا نمبر 1      نیو     ریشو","4/27/2019 12:00:00 AM","225","680","28","3050","43","760","0","0","1225","75","12","60","12","0","3","0","0"
"651","آٹا نمبر2-1-1      نیو     ریشو","4/27/2019 12:00:00 AM","200","640","30","3050","23","760","0","0","1225","75","12","60","12","0","3","0","0"
"652","آٹا نمبر 2      نیو     ریشو","4/27/2019 12:00:00 AM","195","625","36","3050","22","760","0","0","1225","75","12","60","12","0","3","0","0"
"653"," آفتاب           آٹا نمبر 1      نیو     ریشو","4/28/2019 12:00:00 AM","220","690","23","3050","44","750","0","0","1225","75","12","60","12","0","3","0","0"
"654","صوفی آٹا نمبر 1      نیو     ریشو","4/28/2019 12:00:00 AM","275","680","16","3050","30","760","0","0","1225","75","12","60","12","0","3","0","0"
"655","آٹا نمبر2-1-1      نیو     ریشو","4/28/2019 12:00:00 AM","200","640","30","3050","22","760","0","0","1225","75","12","60","12","0","3","0","0"
"656","آٹا نمبر 2      نیو     ریشو","4/28/2019 12:00:00 AM","180","625","30","3050","17","760","0","0","1225","75","12","60","12","0","3","0","0"
"657"," آفتاب           آٹا نمبر 1      نیو     ریشو","5/4/2019 12:00:00 AM","220","720","23","3150","44","780","0","0","1280","75","12","60","12","0","3","0","0"
"658","صوفی آٹا نمبر 1      نیو     ریشو","5/4/2019 12:00:00 AM","275","700","16","3150","29","780","0","0","1280","75","12","60","12","0","3","0","0"
"659","آٹا نمبر2-1-1      نیو     ریشو","5/4/2019 12:00:00 AM","200","675","30","3150","22","780","0","0","1280","75","12","60","12","0","3","0","0"
"660","آٹا نمبر 2      نیو     ریشو","5/4/2019 12:00:00 AM","180","675","30","3150","17","780","0","0","1280","75","12","60","12","0","3","0","0"
"661"," آفتاب           آٹا نمبر 1      نیو     ریشو","5/6/2019 12:00:00 AM","220","725","23","3250","44","800","0","0","1300","75","12","60","12","0","3","0","0"
"662","صوفی آٹا نمبر 1      نیو     ریشو","5/6/2019 12:00:00 AM","210","1350","23","5800","44","1380","0","0","2350","125","19","70","22","0","3","0","0"
"663","آٹا نمبر2-1-1      نیو     ریشو","5/6/2019 12:00:00 AM","200","837","30","5400","24","1180","0","0","1550","110","12","60","12","0","3","0","0"
"664","آٹا نمبر 2      نیو     ریشو","5/6/2019 12:00:00 AM","210","837","28","5475","40","1200","0","0","1545","110","13","60","12","0","3","0","0"
